,Amount,Count,Cycle,Destination,Party,RealCode
0,48176.0,111,1992,Cand,3,A
990,0.0,0,1992,Cmte, ,k
284,0.0,0,1992,Cmte, ,M
285,0.0,0,1992,Cand, ,M
286,0.0,0,1992,Cmte,I,M
287,0.0,0,1992,Cmte,U,M
288,0.0,0,1992,Cand,U,M
314,0.0,0,1992,Cmte, ,L
315,0.0,0,1992,Cand, ,L
316,0.0,0,1992,Cmte,I,L
317,0.0,0,1992,Cand,I,L
318,0.0,0,1992,Cmte,L,L
319,0.0,0,1992,Cand,L,L
320,0.0,0,1992,Cmte,3,L
321,0.0,0,1992,Cmte,U,L
322,0.0,0,1992,Cand,U,L
363,0.0,0,1992,Cmte, ,T
364,0.0,0,1992,Cand, ,T
365,0.0,0,1992,Cmte,I,T
366,0.0,0,1992,Cmte,U,T
367,0.0,0,1992,Cand,U,T
389,0.0,0,1992,Cmte, ,Y
390,0.0,0,1992,Cand, ,Y
391,0.0,0,1992,Cmte,I,Y
392,0.0,0,1992,Cmte,U,Y
393,0.0,0,1992,Cand,U,Y
991,0.0,0,1992,Cand, ,k
992,0.0,0,1992,Cmte,I,k
993,0.0,0,1992,Cand,I,k
257,0.0,0,1992,Cand,U,J
175,0.0,0,1992,Cmte,U,F
197,0.0,0,1992,Cmte, ,H
198,0.0,0,1992,Cand, ,H
199,0.0,0,1992,Cmte,I,H
200,0.0,0,1992,Cmte,U,H
201,0.0,0,1992,Cand,U,H
1001,0.0,0,1992,Cand,U,k
1000,0.0,0,1992,Cmte,U,k
222,0.0,0,1992,Cmte, ,K
223,0.0,0,1992,Cand, ,K
224,0.0,0,1992,Cmte,I,K
225,0.0,0,1992,Cand,I,K
412,0.0,0,1992,Cmte, ,X
226,0.0,0,1992,Cmte,U,K
999,0.0,0,1992,Cand,R,k
998,0.0,0,1992,Cmte,R,k
997,0.0,0,1992,Cand,3,k
996,0.0,0,1992,Cmte,3,k
995,0.0,0,1992,Cand,L,k
994,0.0,0,1992,Cmte,L,k
251,0.0,0,1992,Cmte, ,J
252,0.0,0,1992,Cand, ,J
253,0.0,0,1992,Cmte,I,J
254,0.0,0,1992,Cand,I,J
255,0.0,0,1992,Cmte,L,J
256,0.0,0,1992,Cmte,U,J
227,0.0,0,1992,Cand,U,K
413,0.0,0,1992,Cand, ,X
415,0.0,0,1992,Cmte,U,X
434,0.0,0,1992,Cmte, ,Z
920,0.0,0,1992,Cand, ,h
919,0.0,0,1992,Cmte, ,h
532,0.0,0,1992,Cmte, ,b
533,0.0,0,1992,Cand, ,b
534,0.0,0,1992,Cmte,D,b
535,0.0,0,1992,Cand,D,b
536,0.0,0,1992,Cmte,I,b
537,0.0,0,1992,Cand,I,b
538,0.0,0,1992,Cmte,L,b
539,0.0,0,1992,Cand,L,b
540,0.0,0,1992,Cmte,3,b
541,0.0,0,1992,Cand,3,b
921,0.0,0,1992,Cmte,D,h
542,0.0,0,1992,Cmte,R,b
544,0.0,0,1992,Cmte,U,b
545,0.0,0,1992,Cand,U,b
611,0.0,0,1992,Cmte, ,e
612,0.0,0,1992,Cand, ,e
613,0.0,0,1992,Cmte,D,e
614,0.0,0,1992,Cand,D,e
615,0.0,0,1992,Cmte,I,e
616,0.0,0,1992,Cand,I,e
617,0.0,0,1992,Cmte,L,e
618,0.0,0,1992,Cand,L,e
619,0.0,0,1992,Cmte,3,e
620,0.0,0,1992,Cand,3,e
543,0.0,0,1992,Cand,R,b
174,0.0,0,1992,Cmte,I,F
922,0.0,0,1992,Cand,D,h
924,0.0,0,1992,Cand,I,h
435,0.0,0,1992,Cand, ,Z
436,0.0,0,1992,Cmte,I,Z
437,0.0,0,1992,Cand,I,Z
438,0.0,0,1992,Cmte,U,Z
932,0.0,0,1992,Cand,U,h
931,0.0,0,1992,Cmte,U,h
457,0.0,0,1992,Cmte, ,c
458,0.0,0,1992,Cand, ,c
459,0.0,0,1992,Cmte,D,c
460,0.0,0,1992,Cand,D,c
461,0.0,0,1992,Cmte,I,c
462,0.0,0,1992,Cand,I,c
923,0.0,0,1992,Cmte,I,h
463,0.0,0,1992,Cmte,L,c
465,0.0,0,1992,Cmte,3,c
466,0.0,0,1992,Cand,3,c
467,0.0,0,1992,Cmte,R,c
468,0.0,0,1992,Cand,R,c
469,0.0,0,1992,Cmte,U,c
470,0.0,0,1992,Cand,U,c
930,0.0,0,1992,Cand,R,h
929,0.0,0,1992,Cmte,R,h
928,0.0,0,1992,Cand,3,h
927,0.0,0,1992,Cmte,3,h
926,0.0,0,1992,Cand,L,h
925,0.0,0,1992,Cmte,L,h
464,0.0,0,1992,Cand,L,c
621,0.0,0,1992,Cmte,R,e
173,0.0,0,1992,Cand, ,F
150,0.0,0,1992,Cand,U,G
1317,0.0,0,1992,Cand,R,y
1316,0.0,0,1992,Cmte,R,y
1315,0.0,0,1992,Cand,3,y
1314,0.0,0,1992,Cmte,3,y
1313,0.0,0,1992,Cand,L,y
1312,0.0,0,1992,Cmte,L,y
1311,0.0,0,1992,Cand,I,y
1310,0.0,0,1992,Cmte,I,y
1309,0.0,0,1992,Cand,D,y
1308,0.0,0,1992,Cmte,D,y
1307,0.0,0,1992,Cand, ,y
1306,0.0,0,1992,Cmte, ,y
1237,0.0,0,1992,Cand,U,t
1236,0.0,0,1992,Cmte,U,t
1235,0.0,0,1992,Cand,R,t
1234,0.0,0,1992,Cmte,R,t
1233,0.0,0,1992,Cand,3,t
1232,0.0,0,1992,Cmte,3,t
1231,0.0,0,1992,Cand,L,t
1230,0.0,0,1992,Cmte,L,t
1229,0.0,0,1992,Cand,I,t
1228,0.0,0,1992,Cmte,I,t
1227,0.0,0,1992,Cand,D,t
1226,0.0,0,1992,Cmte,D,t
1225,0.0,0,1992,Cand, ,t
1474,0.0,0,1992,Cand,U,z
1473,0.0,0,1992,Cmte,U,z
1472,0.0,0,1992,Cand,R,z
1471,0.0,0,1992,Cmte,R,z
1399,0.0,0,1992,Cand,U,x
1398,0.0,0,1992,Cmte,U,x
1397,0.0,0,1992,Cand,R,x
1396,0.0,0,1992,Cmte,R,x
1395,0.0,0,1992,Cand,3,x
1394,0.0,0,1992,Cmte,3,x
1393,0.0,0,1992,Cand,L,x
1392,0.0,0,1992,Cmte,L,x
1391,0.0,0,1992,Cand,I,x
1390,0.0,0,1992,Cmte,I,x
1389,0.0,0,1992,Cand,D,x
1388,0.0,0,1992,Cmte,D,x
1224,0.0,0,1992,Cmte, ,t
1387,0.0,0,1992,Cand, ,x
1319,0.0,0,1992,Cand,U,y
1318,0.0,0,1992,Cmte,U,y
1461,0.0,0,1992,Cmte, ,z
1462,0.0,0,1992,Cand, ,z
1463,0.0,0,1992,Cmte,D,z
1464,0.0,0,1992,Cand,D,z
1465,0.0,0,1992,Cmte,I,z
1466,0.0,0,1992,Cand,I,z
1467,0.0,0,1992,Cmte,L,z
1468,0.0,0,1992,Cand,L,z
1469,0.0,0,1992,Cmte,3,z
1470,0.0,0,1992,Cand,3,z
1386,0.0,0,1992,Cmte, ,x
1160,0.0,0,1992,Cand,U,m
1159,0.0,0,1992,Cmte,U,m
1158,0.0,0,1992,Cand,R,m
29,0.0,0,1992,Cmte, ,C
30,0.0,0,1992,Cand, ,C
31,0.0,0,1992,Cmte,I,C
32,0.0,0,1992,Cmte,U,C
33,0.0,0,1992,Cand,U,C
55,0.0,0,1992,Cmte, ,B
56,0.0,0,1992,Cand, ,B
57,0.0,0,1992,Cmte,I,B
58,0.0,0,1992,Cmte,U,B
59,0.0,0,1992,Cand,U,B
81,0.0,0,1992,Cmte, ,E
82,0.0,0,1992,Cand, ,E
1066,0.0,0,1992,Cmte, ,j
83,0.0,0,1992,Cmte,I,E
85,0.0,0,1992,Cand,U,E
112,0.0,0,1992,Cmte, ,D
113,0.0,0,1992,Cand, ,D
114,0.0,0,1992,Cmte,I,D
115,0.0,0,1992,Cand,I,D
116,0.0,0,1992,Cmte,3,D
117,0.0,0,1992,Cmte,U,D
118,0.0,0,1992,Cand,U,D
146,0.0,0,1992,Cmte, ,G
147,0.0,0,1992,Cand, ,G
148,0.0,0,1992,Cmte,I,G
149,0.0,0,1992,Cmte,U,G
84,0.0,0,1992,Cmte,U,E
172,0.0,0,1992,Cmte, ,F
1067,0.0,0,1992,Cand, ,j
1069,0.0,0,1992,Cand,D,j
1157,0.0,0,1992,Cmte,R,m
1156,0.0,0,1992,Cand,3,m
1155,0.0,0,1992,Cmte,3,m
1154,0.0,0,1992,Cand,L,m
1153,0.0,0,1992,Cmte,L,m
1152,0.0,0,1992,Cand,I,m
1151,0.0,0,1992,Cmte,I,m
1150,0.0,0,1992,Cand,D,m
1149,0.0,0,1992,Cmte,D,m
1148,0.0,0,1992,Cand, ,m
1147,0.0,0,1992,Cmte, ,m
1079,0.0,0,1992,Cand,U,j
1068,0.0,0,1992,Cmte,D,j
1078,0.0,0,1992,Cmte,U,j
1076,0.0,0,1992,Cmte,R,j
1075,0.0,0,1992,Cand,3,j
1074,0.0,0,1992,Cmte,3,j
1073,0.0,0,1992,Cand,L,j
1072,0.0,0,1992,Cmte,L,j
1071,0.0,0,1992,Cand,I,j
0,0.0,0,1992,Cmte, ,A
1,0.0,0,1992,Cand, ,A
2,0.0,0,1992,Cmte,I,A
3,0.0,0,1992,Cmte,U,A
4,0.0,0,1992,Cand,U,A
1070,0.0,0,1992,Cmte,I,j
1077,0.0,0,1992,Cand,R,j
622,0.0,0,1992,Cand,R,e
414,0.0,0,1992,Cmte,I,X
624,0.0,0,1992,Cand,U,e
64,2614322.0,6004,1992,Cand,D,H
65,5667206.0,4803,1992,Cmte,D,H
66,10533.0,20,1992,Cand,I,H
67,18665.0,40,1992,Cand,L,H
68,18230.0,38,1992,Cmte,L,H
69,1837806.0,2445,1992,Cand,R,H
784,0.0,0,1992,Cmte,R,g
785,0.0,0,1992,Cand,R,g
786,0.0,0,1992,Cmte,U,g
787,0.0,0,1992,Cand,U,g
70,8125896.0,6716,1992,Cmte,R,H
71,90872.0,179,1992,Cand,3,J
72,32000.0,12,1992,Cmte,3,J
73,445952.0,906,1992,Cand,D,J
74,1304848.0,498,1992,Cmte,D,J
138,500.0,1,1992,Cmte,D,k
137,500.0,1,1992,Cand,D,k
136,24749.0,73,1992,Cand,U,Z
135,14122620.0,899,1992,Cmte,R,Z
134,-838653.0,1495,1992,Cand,R,Z
75,1900.0,4,1992,Cand,L,J
76,403710.0,692,1992,Cand,R,J
77,415939.0,327,1992,Cmte,R,J
783,0.0,0,1992,Cand,3,g
78,155954.0,321,1992,Cand,3,K
782,0.0,0,1992,Cmte,3,g
780,0.0,0,1992,Cmte,L,g
56,7556349.0,3542,1992,Cmte,D,G
853,0.0,0,1992,Cmte,3,f
852,0.0,0,1992,Cand,L,f
851,0.0,0,1992,Cmte,L,f
850,0.0,0,1992,Cand,I,f
849,0.0,0,1992,Cmte,I,f
848,0.0,0,1992,Cand,D,f
847,0.0,0,1992,Cmte,D,f
103,1653462.0,782,1992,Cmte,D,T
845,0.0,0,1992,Cmte, ,f
774,0.0,0,1992,Cmte, ,g
57,3459.0,7,1992,Cand,I,G
58,21675.0,47,1992,Cand,L,G
59,67744.0,57,1992,Cmte,L,G
60,2450731.0,3094,1992,Cand,R,G
61,14483067.0,8694,1992,Cmte,R,G
62,321095.0,698,1992,Cand,3,H
63,686282.0,328,1992,Cmte,3,H
775,0.0,0,1992,Cand, ,g
776,0.0,0,1992,Cmte,D,g
777,0.0,0,1992,Cand,D,g
778,0.0,0,1992,Cmte,I,g
779,0.0,0,1992,Cand,I,g
781,0.0,0,1992,Cand,L,g
79,12340.0,20,1992,Cmte,3,K
80,5876095.0,11858,1992,Cand,D,K
133,10000.0,1,1992,Cmte,L,Z
119,555952.0,1353,1992,Cand,3,Y
118,1000.0,1,1992,Cand,U,X
117,15574443.0,25296,1992,Cmte,R,X
95,500.0,2,1992,Cand,I,M
96,10550.0,18,1992,Cand,L,M
97,3690.0,12,1992,Cmte,L,M
116,2413535.0,3949,1992,Cand,R,X
115,37487.0,52,1992,Cmte,L,X
114,21423.0,51,1992,Cand,L,X
113,12771.0,34,1992,Cand,I,X
112,7057110.0,8322,1992,Cmte,D,X
98,1256703.0,1513,1992,Cand,R,M
99,7593456.0,3371,1992,Cmte,R,M
111,3997719.0,9950,1992,Cand,D,X
110,301548.0,109,1992,Cmte,3,X
109,615738.0,1675,1992,Cand,3,X
108,5786916.0,2691,1992,Cmte,R,T
107,869044.0,1075,1992,Cand,R,T
106,8235.0,15,1992,Cmte,L,T
105,7700.0,16,1992,Cand,L,T
100,70446.0,150,1992,Cand,3,T
101,38040.0,11,1992,Cmte,3,T
102,496560.0,948,1992,Cand,D,T
120,283574.0,169,1992,Cmte,3,Y
94,2958529.0,933,1992,Cmte,D,M
623,0.0,0,1992,Cmte,U,e
93,561642.0,949,1992,Cand,D,M
132,170.0,2,1992,Cand,L,Z
131,2907407.0,512,1992,Cmte,D,Z
130,1479638.0,747,1992,Cand,D,Z
129,-850.0,2,1992,Cmte,3,Z
128,59640970.0,4697,1992,Cand,3,Z
127,10883320.0,13790,1992,Cmte,R,Y
126,1951306.0,3626,1992,Cand,R,Y
81,13993077.0,11583,1992,Cmte,D,K
82,13150.0,31,1992,Cand,L,K
83,1385.0,4,1992,Cmte,L,K
84,2610955.0,3390,1992,Cand,R,K
55,2157019.0,4255,1992,Cand,D,G
125,30133.0,95,1992,Cmte,L,Y
123,9190.0,32,1992,Cand,I,Y
122,7432178.0,7091,1992,Cmte,D,Y
121,3258377.0,8844,1992,Cand,D,Y
85,6332013.0,5462,1992,Cmte,R,K
86,370.0,1,1992,Cand,3,L
87,44675.0,112,1992,Cand,D,L
88,4327218.0,540,1992,Cmte,D,L
89,4450.0,6,1992,Cand,R,L
90,74525.0,24,1992,Cmte,R,L
91,94997.0,179,1992,Cand,3,M
92,13200.0,9,1992,Cmte,3,M
124,48899.0,112,1992,Cand,L,Y
54,119787.0,65,1992,Cmte,3,G
846,0.0,0,1992,Cand, ,f
52,1000.0,1,1992,Cand,U,F
692,0.0,0,1992,Cand, ,d
693,0.0,0,1992,Cmte,D,d
694,0.0,0,1992,Cand,D,d
20,1629279.0,2953,1992,Cand,D,C
21,9170802.0,3494,1992,Cmte,D,C
22,1240.0,2,1992,Cand,I,C
23,21039.0,43,1992,Cand,L,C
24,8857.0,24,1992,Cmte,L,C
25,928603.0,1129,1992,Cand,R,C
26,6218218.0,2511,1992,Cmte,R,C
53,383877.0,829,1992,Cand,3,G
28,89950.0,182,1992,Cand,D,D
29,576635.0,193,1992,Cmte,D,D
30,1750.0,4,1992,Cand,L,D
31,1195.0,7,1992,Cmte,L,D
32,135529.0,188,1992,Cand,R,D
33,710518.0,338,1992,Cmte,R,D
695,0.0,0,1992,Cmte,I,d
696,0.0,0,1992,Cand,I,d
697,0.0,0,1992,Cmte,L,d
698,0.0,0,1992,Cand,L,d
691,0.0,0,1992,Cmte, ,d
699,0.0,0,1992,Cmte,3,d
854,0.0,0,1992,Cand,3,f
856,0.0,0,1992,Cand,R,f
1,5333.0,5,1992,Cmte,3,A
2,561716.0,1180,1992,Cand,D,A
3,2338726.0,792,1992,Cmte,D,A
4,1950.0,4,1992,Cand,I,A
5,4000.0,6,1992,Cand,L,A
6,1950.0,4,1992,Cmte,L,A
7,904819.0,1201,1992,Cand,R,A
8,7076245.0,3439,1992,Cmte,R,A
9,81568.0,201,1992,Cand,3,B
10,30213.0,18,1992,Cmte,3,B
11,865760.0,1715,1992,Cand,D,B
12,2599473.0,1316,1992,Cmte,D,B
13,1477.0,5,1992,Cand,I,B
14,6300.0,12,1992,Cand,L,B
15,4187.0,14,1992,Cmte,L,B
16,1164529.0,1478,1992,Cand,R,B
17,5343840.0,3470,1992,Cmte,R,B
18,126986.0,274,1992,Cand,3,C
19,67000.0,32,1992,Cmte,3,C
858,0.0,0,1992,Cand,U,f
857,0.0,0,1992,Cmte,U,f
855,0.0,0,1992,Cmte,R,f
700,0.0,0,1992,Cand,3,d
27,8650.0,18,1992,Cand,3,D
702,0.0,0,1992,Cand,R,d
38,1337.0,4,1992,Cand,I,E
39,3309.0,7,1992,Cand,L,E
40,2094.0,6,1992,Cmte,L,E
41,1342150.0,1606,1992,Cand,R,E
42,9292505.0,3101,1992,Cmte,R,E
43,380358.0,674,1992,Cand,3,F
44,282625.0,99,1992,Cmte,3,F
701,0.0,0,1992,Cmte,R,d
45,4473039.0,7745,1992,Cand,D,F
46,17742224.0,5960,1992,Cmte,D,F
47,2600.0,5,1992,Cand,I,F
48,22146.0,45,1992,Cand,L,F
49,18965.0,22,1992,Cmte,L,F
50,5336157.0,6555,1992,Cand,R,F
51,27730733.0,11851,1992,Cmte,R,F
37,3323365.0,992,1992,Cmte,D,E
36,531615.0,979,1992,Cand,D,E
104,481.0,2,1992,Cand,I,T
34,77444.0,158,1992,Cand,3,E
704,0.0,0,1992,Cand,U,d
703,0.0,0,1992,Cmte,U,d
35,136295.0,37,1992,Cmte,3,E
65,0.0,0,1996,Cand,U,B
1090,0.0,0,1996,Cmte,R,j
1089,0.0,0,1996,Cand,3,j
38,0.0,0,1996,Cand,U,C
37,0.0,0,1996,Cmte,U,C
36,0.0,0,1996,Cand,I,C
35,0.0,0,1996,Cmte,I,C
1169,0.0,0,1996,Cmte,3,m
1168,0.0,0,1996,Cand,L,m
1333,0.0,0,1996,Cand,U,y
1332,0.0,0,1996,Cmte,U,y
34,0.0,0,1996,Cand, ,C
1331,0.0,0,1996,Cand,R,y
1330,0.0,0,1996,Cmte,R,y
1329,0.0,0,1996,Cand,3,y
1328,0.0,0,1996,Cmte,3,y
1091,0.0,0,1996,Cand,R,j
1092,0.0,0,1996,Cmte,U,j
1093,0.0,0,1996,Cand,U,j
1170,0.0,0,1996,Cand,3,m
64,0.0,0,1996,Cmte,U,B
1404,0.0,0,1996,Cmte,I,x
1403,0.0,0,1996,Cand,D,x
1402,0.0,0,1996,Cmte,D,x
1401,0.0,0,1996,Cand, ,x
1400,0.0,0,1996,Cmte, ,x
1406,0.0,0,1996,Cmte,L,x
1405,0.0,0,1996,Cand,I,x
1407,0.0,0,1996,Cand,L,x
62,0.0,0,1996,Cmte,I,B
61,0.0,0,1996,Cand, ,B
60,0.0,0,1996,Cmte, ,B
1174,0.0,0,1996,Cand,U,m
1173,0.0,0,1996,Cmte,U,m
1172,0.0,0,1996,Cand,R,m
1327,0.0,0,1996,Cand,L,y
63,0.0,0,1996,Cand,I,B
1171,0.0,0,1996,Cmte,R,m
1326,0.0,0,1996,Cmte,L,y
1324,0.0,0,1996,Cmte,I,y
1241,0.0,0,1996,Cand,D,t
1242,0.0,0,1996,Cmte,I,t
1243,0.0,0,1996,Cand,I,t
1244,0.0,0,1996,Cmte,L,t
1245,0.0,0,1996,Cand,L,t
1246,0.0,0,1996,Cmte,3,t
1247,0.0,0,1996,Cand,3,t
1248,0.0,0,1996,Cmte,R,t
1249,0.0,0,1996,Cand,R,t
1250,0.0,0,1996,Cmte,U,t
1251,0.0,0,1996,Cand,U,t
1085,0.0,0,1996,Cand,I,j
1084,0.0,0,1996,Cmte,I,j
1083,0.0,0,1996,Cand,D,j
1082,0.0,0,1996,Cmte,D,j
1081,0.0,0,1996,Cand, ,j
1080,0.0,0,1996,Cmte, ,j
1161,0.0,0,1996,Cmte, ,m
1325,0.0,0,1996,Cand,I,y
1162,0.0,0,1996,Cand, ,m
1239,0.0,0,1996,Cand, ,t
1323,0.0,0,1996,Cand,D,y
1322,0.0,0,1996,Cmte,D,y
1321,0.0,0,1996,Cand, ,y
1320,0.0,0,1996,Cmte, ,y
1167,0.0,0,1996,Cmte,L,m
1166,0.0,0,1996,Cand,I,m
1088,0.0,0,1996,Cmte,3,j
1163,0.0,0,1996,Cmte,D,m
10,0.0,0,1996,Cand,U,A
9,0.0,0,1996,Cmte,U,A
8,0.0,0,1996,Cand,I,A
7,0.0,0,1996,Cmte,I,A
6,0.0,0,1996,Cand, ,A
5,0.0,0,1996,Cmte, ,A
1087,0.0,0,1996,Cand,L,j
1086,0.0,0,1996,Cmte,L,j
1238,0.0,0,1996,Cmte, ,t
1240,0.0,0,1996,Cmte,D,t
1165,0.0,0,1996,Cmte,I,m
178,0.0,0,1996,Cand,I,F
87,0.0,0,1996,Cand, ,E
442,0.0,0,1996,Cmte,U,Z
935,0.0,0,1996,Cmte,D,h
934,0.0,0,1996,Cand, ,h
933,0.0,0,1996,Cmte, ,h
710,0.0,0,1996,Cand,I,d
709,0.0,0,1996,Cmte,I,d
708,0.0,0,1996,Cand,D,d
707,0.0,0,1996,Cmte,D,d
706,0.0,0,1996,Cand, ,d
705,0.0,0,1996,Cmte, ,d
471,0.0,0,1996,Cmte, ,c
472,0.0,0,1996,Cand, ,c
473,0.0,0,1996,Cmte,D,c
474,0.0,0,1996,Cand,D,c
475,0.0,0,1996,Cmte,I,c
476,0.0,0,1996,Cand,I,c
477,0.0,0,1996,Cmte,L,c
478,0.0,0,1996,Cand,L,c
479,0.0,0,1996,Cmte,3,c
441,0.0,0,1996,Cmte,I,Z
480,0.0,0,1996,Cand,3,c
440,0.0,0,1996,Cand, ,Z
711,0.0,0,1996,Cmte,L,d
941,0.0,0,1996,Cmte,3,h
718,0.0,0,1996,Cand,U,d
717,0.0,0,1996,Cmte,U,d
1408,0.0,0,1996,Cmte,3,x
716,0.0,0,1996,Cand,R,d
416,0.0,0,1996,Cand, ,X
417,0.0,0,1996,Cmte,I,X
418,0.0,0,1996,Cand,I,X
419,0.0,0,1996,Cmte,U,X
420,0.0,0,1996,Cand,U,X
940,0.0,0,1996,Cand,L,h
939,0.0,0,1996,Cmte,L,h
938,0.0,0,1996,Cand,I,h
937,0.0,0,1996,Cmte,I,h
936,0.0,0,1996,Cand,D,h
715,0.0,0,1996,Cmte,R,d
714,0.0,0,1996,Cand,3,d
713,0.0,0,1996,Cmte,3,d
712,0.0,0,1996,Cand,L,d
439,0.0,0,1996,Cmte, ,Z
942,0.0,0,1996,Cand,3,h
481,0.0,0,1996,Cmte,R,c
483,0.0,0,1996,Cmte,U,c
551,0.0,0,1996,Cand,I,b
552,0.0,0,1996,Cmte,L,b
553,0.0,0,1996,Cand,L,b
554,0.0,0,1996,Cmte,3,b
555,0.0,0,1996,Cand,3,b
556,0.0,0,1996,Cmte,R,b
557,0.0,0,1996,Cand,R,b
558,0.0,0,1996,Cmte,U,b
559,0.0,0,1996,Cand,U,b
634,0.0,0,1996,Cmte,R,e
633,0.0,0,1996,Cand,3,e
632,0.0,0,1996,Cmte,3,e
631,0.0,0,1996,Cand,L,e
630,0.0,0,1996,Cmte,L,e
629,0.0,0,1996,Cand,I,e
628,0.0,0,1996,Cmte,I,e
627,0.0,0,1996,Cand,D,e
626,0.0,0,1996,Cand, ,e
625,0.0,0,1996,Cmte, ,e
550,0.0,0,1996,Cmte,I,b
482,0.0,0,1996,Cand,R,c
549,0.0,0,1996,Cand,D,b
547,0.0,0,1996,Cand, ,b
484,0.0,0,1996,Cand,U,c
859,0.0,0,1996,Cmte, ,f
860,0.0,0,1996,Cand, ,f
861,0.0,0,1996,Cmte,D,f
862,0.0,0,1996,Cand,D,f
863,0.0,0,1996,Cmte,I,f
864,0.0,0,1996,Cand,I,f
865,0.0,0,1996,Cmte,L,f
866,0.0,0,1996,Cand,L,f
867,0.0,0,1996,Cmte,3,f
868,0.0,0,1996,Cand,3,f
869,0.0,0,1996,Cmte,R,f
870,0.0,0,1996,Cand,R,f
871,0.0,0,1996,Cmte,U,f
872,0.0,0,1996,Cand,U,f
637,0.0,0,1996,Cand,U,e
636,0.0,0,1996,Cmte,U,e
635,0.0,0,1996,Cand,R,e
546,0.0,0,1996,Cmte, ,b
548,0.0,0,1996,Cmte,D,b
943,0.0,0,1996,Cmte,R,h
944,0.0,0,1996,Cand,R,h
945,0.0,0,1996,Cmte,U,h
1011,0.0,0,1996,Cand,3,k
1010,0.0,0,1996,Cmte,3,k
1009,0.0,0,1996,Cand,L,k
1008,0.0,0,1996,Cmte,L,k
1007,0.0,0,1996,Cand,I,k
202,0.0,0,1996,Cand, ,H
203,0.0,0,1996,Cmte,I,H
204,0.0,0,1996,Cand,I,H
205,0.0,0,1996,Cmte,U,H
206,0.0,0,1996,Cand,U,H
1006,0.0,0,1996,Cmte,I,k
1005,0.0,0,1996,Cand,D,k
1004,0.0,0,1996,Cmte,D,k
1003,0.0,0,1996,Cand, ,k
1002,0.0,0,1996,Cmte, ,k
228,0.0,0,1996,Cmte, ,K
229,0.0,0,1996,Cand, ,K
230,0.0,0,1996,Cmte,I,K
231,0.0,0,1996,Cand,I,K
1012,0.0,0,1996,Cmte,R,k
232,0.0,0,1996,Cmte,U,K
1013,0.0,0,1996,Cand,R,k
179,0.0,0,1996,Cmte,U,F
88,0.0,0,1996,Cmte,I,E
89,0.0,0,1996,Cand,I,E
90,0.0,0,1996,Cmte,U,E
91,0.0,0,1996,Cand,U,E
119,0.0,0,1996,Cmte, ,D
120,0.0,0,1996,Cand, ,D
121,0.0,0,1996,Cmte,I,D
122,0.0,0,1996,Cand,I,D
123,0.0,0,1996,Cmte,U,D
124,0.0,0,1996,Cand,U,D
151,0.0,0,1996,Cand, ,G
152,0.0,0,1996,Cmte,I,G
153,0.0,0,1996,Cand,I,G
154,0.0,0,1996,Cmte,U,G
155,0.0,0,1996,Cand,U,G
1015,0.0,0,1996,Cand,U,k
1014,0.0,0,1996,Cmte,U,k
176,0.0,0,1996,Cand, ,F
177,0.0,0,1996,Cmte,I,F
180,0.0,0,1996,Cand,U,F
233,0.0,0,1996,Cand,U,K
800,0.0,0,1996,Cand,U,g
799,0.0,0,1996,Cmte,U,g
324,0.0,0,1996,Cand, ,L
325,0.0,0,1996,Cmte,I,L
326,0.0,0,1996,Cand,I,L
327,0.0,0,1996,Cmte,L,L
328,0.0,0,1996,Cand,L,L
329,0.0,0,1996,Cmte,3,L
330,0.0,0,1996,Cmte,U,L
331,0.0,0,1996,Cand,U,L
368,0.0,0,1996,Cmte, ,T
369,0.0,0,1996,Cand, ,T
370,0.0,0,1996,Cmte,I,T
371,0.0,0,1996,Cmte,U,T
372,0.0,0,1996,Cand,U,T
946,0.0,0,1996,Cand,U,h
394,0.0,0,1996,Cand, ,Y
395,0.0,0,1996,Cmte,I,Y
396,0.0,0,1996,Cand,I,Y
397,0.0,0,1996,Cmte,U,Y
398,0.0,0,1996,Cand,U,Y
323,0.0,0,1996,Cmte, ,L
294,0.0,0,1996,Cand,U,M
293,0.0,0,1996,Cmte,U,M
292,0.0,0,1996,Cand,I,M
798,0.0,0,1996,Cand,R,g
797,0.0,0,1996,Cmte,R,g
796,0.0,0,1996,Cand,3,g
795,0.0,0,1996,Cmte,3,g
794,0.0,0,1996,Cand,L,g
793,0.0,0,1996,Cmte,L,g
258,0.0,0,1996,Cmte, ,J
259,0.0,0,1996,Cand, ,J
260,0.0,0,1996,Cmte,I,J
86,0.0,0,1996,Cmte, ,E
261,0.0,0,1996,Cand,I,J
263,0.0,0,1996,Cand,U,J
792,0.0,0,1996,Cand,I,g
791,0.0,0,1996,Cmte,I,g
790,0.0,0,1996,Cand,D,g
789,0.0,0,1996,Cand, ,g
788,0.0,0,1996,Cmte, ,g
289,0.0,0,1996,Cmte, ,M
290,0.0,0,1996,Cand, ,M
291,0.0,0,1996,Cmte,I,M
262,0.0,0,1996,Cmte,U,J
1409,0.0,0,1996,Cand,3,x
1164,0.0,0,1996,Cand,D,m
1411,0.0,0,1996,Cand,R,x
213,834733.0,1422,1996,Cand,R,J
214,2305489.0,815,1996,Cmte,R,J
215,126800.0,311,1996,Cand,3,K
216,28592.0,28,1996,Cmte,3,K
217,7297817.0,10400,1996,Cand,D,K
218,25300465.0,11834,1996,Cmte,D,K
219,41720.0,86,1996,Cand,L,K
220,13100.0,19,1996,Cmte,L,K
212,46257.0,8,1996,Cmte,L,J
221,4139806.0,6435,1996,Cand,R,K
1488,0.0,0,1996,Cand,U,z
1410,0.0,0,1996,Cmte,R,x
222,6934912.0,6692,1996,Cmte,R,K
223,1150.0,5,1996,Cand,3,L
224,98826.0,180,1996,Cand,D,L
225,9391409.0,862,1996,Cmte,D,L
227,231435.0,69,1996,Cmte,R,L
228,175592.0,313,1996,Cand,3,M
1487,0.0,0,1996,Cmte,U,z
211,10500.0,19,1996,Cand,L,J
210,1487173.0,877,1996,Cmte,D,J
209,1209380.0,1891,1996,Cand,D,J
190,256283.0,567,1996,Cand,3,G
191,193829.0,120,1996,Cmte,3,G
192,3000855.0,4012,1996,Cand,D,G
193,19478374.0,5195,1996,Cmte,D,G
194,116767.0,225,1996,Cand,L,G
195,46433.0,97,1996,Cmte,L,G
196,4763021.0,7058,1996,Cand,R,G
197,23161503.0,14374,1996,Cmte,R,G
198,1000.0,1,1996,Cmte, ,H
199,258774.0,675,1996,Cand,3,H
200,223774.0,215,1996,Cmte,3,H
201,2725447.0,4177,1996,Cand,D,H
202,12236275.0,5086,1996,Cmte,D,H
203,119570.0,253,1996,Cand,L,H
204,42642.0,80,1996,Cmte,L,H
205,3624381.0,6286,1996,Cand,R,H
206,15158566.0,13309,1996,Cmte,R,H
207,73940.0,167,1996,Cand,3,J
208,53774.0,48,1996,Cmte,3,J
229,106500.0,22,1996,Cmte,3,M
230,738305.0,982,1996,Cand,D,M
231,7389361.0,1038,1996,Cmte,D,M
232,61037.0,90,1996,Cand,L,M
256,410690.0,393,1996,Cmte,3,Y
257,3885470.0,9049,1996,Cand,D,Y
258,17681546.0,13014,1996,Cmte,D,Y
259,330489.0,667,1996,Cand,L,Y
260,221591.0,349,1996,Cmte,L,Y
261,6325091.0,13243,1996,Cand,R,Y
262,25339753.0,45013,1996,Cmte,R,Y
263,9623280.0,1740,1996,Cand,3,Z
264,2980.0,50,1996,Cmte,3,Z
265,10098250.0,731,1996,Cand,D,Z
266,15516916.0,900,1996,Cmte,D,Z
267,3801.0,38,1996,Cand,I,Z
268,-83400.0,148,1996,Cand,L,Z
269,10172.0,19,1996,Cmte,L,Z
270,-1112747.0,2796,1996,Cand,R,Z
271,44242254.0,1017,1996,Cmte,R,Z
272,5775.0,14,1996,Cand,U,Z
273,10000.0,1,1996,Cmte,D,e
274,10000.0,1,1996,Cmte,D,g
255,506620.0,1390,1996,Cand,3,Y
1486,0.0,0,1996,Cand,R,z
254,4350.0,11,1996,Cmte, ,Y
252,5379534.0,11159,1996,Cand,R,X
233,34145.0,43,1996,Cmte,L,M
234,2022293.0,3039,1996,Cand,R,M
235,12677712.0,5540,1996,Cmte,R,M
236,78464.0,202,1996,Cand,3,T
237,56893.0,22,1996,Cmte,3,T
238,780721.0,1097,1996,Cand,D,T
239,6563698.0,1191,1996,Cmte,D,T
240,500.0,1,1996,Cand,I,T
241,34037.0,58,1996,Cand,L,T
242,21445.0,44,1996,Cmte,L,T
243,1820836.0,2769,1996,Cand,R,T
244,11531601.0,4933,1996,Cmte,R,T
245,950.0,3,1996,Cmte, ,X
246,662984.0,1740,1996,Cand,3,X
247,230812.0,201,1996,Cmte,3,X
248,4527969.0,9423,1996,Cand,D,X
249,9570292.0,13163,1996,Cmte,D,X
250,128286.0,285,1996,Cand,L,X
251,128920.0,172,1996,Cmte,L,X
253,24480184.0,46519,1996,Cmte,R,X
1485,0.0,0,1996,Cmte,R,z
226,7950.0,10,1996,Cand,R,L
1483,0.0,0,1996,Cmte,3,z
157,479239.0,95,1996,Cmte,3,C
158,2183524.0,2883,1996,Cand,D,C
159,19943572.0,3330,1996,Cmte,D,C
160,72031.0,143,1996,Cand,L,C
161,103388.0,144,1996,Cmte,L,C
162,1949053.0,2897,1996,Cand,R,C
163,14132321.0,4486,1996,Cmte,R,C
156,96820.0,245,1996,Cand,3,C
164,11275.0,30,1996,Cand,3,D
166,101700.0,184,1996,Cand,D,D
167,1476053.0,256,1996,Cmte,D,D
168,7570.0,23,1996,Cand,L,D
169,4533.0,15,1996,Cmte,L,D
170,214266.0,359,1996,Cand,R,D
171,2316259.0,650,1996,Cmte,R,D
172,50130.0,111,1996,Cand,3,E
165,2250.0,3,1996,Cmte,3,D
173,396490.0,38,1996,Cmte,3,E
155,2721.0,2,1996,Cmte, ,C
153,2247531.0,3508,1996,Cand,R,B
1412,0.0,0,1996,Cmte,U,x
1413,0.0,0,1996,Cand,U,x
139,69465.0,183,1996,Cand,3,A
140,48895.0,21,1996,Cmte,3,A
141,378804.0,638,1996,Cand,D,A
142,3478292.0,819,1996,Cmte,D,A
143,19904.0,34,1996,Cand,L,A
154,8179715.0,7235,1996,Cmte,R,B
144,8387.0,19,1996,Cmte,L,A
146,12783375.0,5385,1996,Cmte,R,A
147,110900.0,231,1996,Cand,3,B
148,24474.0,25,1996,Cmte,3,B
1484,0.0,0,1996,Cand,3,z
150,5361497.0,1540,1996,Cmte,D,B
151,40008.0,77,1996,Cand,L,B
152,16941.0,45,1996,Cmte,L,B
145,1259253.0,2083,1996,Cand,R,A
174,551055.0,715,1996,Cand,D,E
149,1036740.0,1367,1996,Cand,D,B
189,800.0,2,1996,Cmte, ,G
186,175257.0,88,1996,Cmte,L,F
187,9933413.0,14475,1996,Cand,R,F
188,44892817.0,17868,1996,Cmte,R,F
175,6853498.0,1085,1996,Cmte,D,E
1475,0.0,0,1996,Cmte, ,z
1476,0.0,0,1996,Cand, ,z
1477,0.0,0,1996,Cmte,D,z
1478,0.0,0,1996,Cand,D,z
1479,0.0,0,1996,Cmte,I,z
1480,0.0,0,1996,Cand,I,z
176,16947.0,29,1996,Cand,L,E
177,7300.0,12,1996,Cmte,L,E
178,1558045.0,2346,1996,Cand,R,E
179,15408691.0,4695,1996,Cmte,R,E
180,1631.0,6,1996,Cmte, ,F
181,232032.0,521,1996,Cand,3,F
182,565581.0,143,1996,Cmte,3,F
183,5125383.0,6828,1996,Cand,D,F
184,36726348.0,6927,1996,Cmte,D,F
1481,0.0,0,1996,Cmte,L,z
1482,0.0,0,1996,Cand,L,z
185,120020.0,212,1996,Cand,L,F
954,0.0,0,2000,Cand,L,h
953,0.0,0,2000,Cmte,L,h
952,0.0,0,2000,Cand,I,h
370,4450.0,20,2000,Cand,3,L
369,161556.0,305,2000,Cand,U,K
368,14740078.0,11268,2000,Cmte,R,K
367,9989015.0,15475,2000,Cand,R,K
366,21956.0,41,2000,Cmte,L,K
955,0.0,0,2000,Cmte,3,h
411,373775.0,720,2000,Cmte,L,Y
365,66592.0,131,2000,Cand,L,K
376,147117.0,288,2000,Cand,3,M
375,368600.0,62,2000,Cmte,R,L
374,16950.0,32,2000,Cand,R,L
373,30704941.0,875,2000,Cmte,D,L
372,224460.0,563,2000,Cand,D,L
371,200.0,1,2000,Cmte,3,L
332,0.0,0,2000,Cmte, ,L
333,0.0,0,2000,Cand, ,L
334,0.0,0,2000,Cmte,I,L
335,0.0,0,2000,Cand,I,L
336,0.0,0,2000,Cmte,L,L
337,0.0,0,2000,Cand,L,L
338,0.0,0,2000,Cmte,U,L
339,0.0,0,2000,Cand,U,L
959,0.0,0,2000,Cand,U,h
958,0.0,0,2000,Cmte,U,h
957,0.0,0,2000,Cand,R,h
956,0.0,0,2000,Cand,3,h
364,41968914.0,17143,2000,Cmte,D,K
374,0.0,0,2000,Cand, ,T
362,134909.0,106,2000,Cmte,3,K
399,0.0,0,2000,Cmte, ,Y
400,0.0,0,2000,Cand, ,Y
401,0.0,0,2000,Cmte,I,Y
402,0.0,0,2000,Cmte,U,Y
349,8293398.0,14718,2000,Cand,R,H
348,96645.0,213,2000,Cmte,L,H
347,170751.0,339,2000,Cand,L,H
346,1000.0,1,2000,Cand,I,H
350,28443253.0,17910,2000,Cmte,R,H
345,20675009.0,10371,2000,Cmte,D,H
343,248566.0,225,2000,Cmte,3,H
342,424459.0,1157,2000,Cand,3,H
341,56700.0,86,2000,Cand,U,G
340,42560473.0,19621,2000,Cmte,R,G
339,10128737.0,16071,2000,Cand,R,G
338,195455.0,237,2000,Cmte,L,G
337,131163.0,264,2000,Cand,L,G
336,-1000.0,1,2000,Cand,I,G
344,6214569.0,10980,2000,Cand,D,H
363,13705381.0,21336,2000,Cand,D,K
351,45025.0,94,2000,Cand,U,H
353,89467.0,25,2000,Cmte,3,J
361,144427.0,298,2000,Cand,3,K
373,0.0,0,2000,Cmte, ,T
377,69760.0,34,2000,Cmte,3,M
375,0.0,0,2000,Cmte,I,T
376,0.0,0,2000,Cand,I,T
377,0.0,0,2000,Cmte,U,T
951,0.0,0,2000,Cmte,I,h
950,0.0,0,2000,Cand,D,h
352,161511.0,309,2000,Cand,3,J
949,0.0,0,2000,Cmte,D,h
947,0.0,0,2000,Cmte, ,h
360,13589.0,18,2000,Cand,U,J
359,3532626.0,632,2000,Cmte,R,J
358,2796859.0,5200,2000,Cand,R,J
357,76769.0,28,2000,Cmte,L,J
356,95316.0,262,2000,Cand,L,J
355,5095551.0,1017,2000,Cmte,D,J
354,4342014.0,7391,2000,Cand,D,J
948,0.0,0,2000,Cand, ,h
378,1327710.0,1936,2000,Cand,D,M
182,0.0,0,2000,Cand, ,F
380,1885.0,2,2000,Cand,I,M
421,0.0,0,2000,Cmte, ,X
416,362775.0,87,2000,Cmte,3,Z
417,1108903.0,1072,2000,Cand,D,Z
234,0.0,0,2000,Cmte, ,K
235,0.0,0,2000,Cand, ,K
236,0.0,0,2000,Cmte,I,K
415,1403799.0,277,2000,Cand,3,Z
237,0.0,0,2000,Cand,I,K
422,80111665.0,485,2000,Cand,R,Z
421,57272.0,41,2000,Cmte,L,Z
420,75995.0,10,2000,Cand,L,Z
419,27902.0,62,2000,Cand,I,Z
418,99866588.0,1146,2000,Cmte,D,Z
402,18357019.0,37722,2000,Cand,R,X
238,0.0,0,2000,Cmte,U,K
414,178054.0,362,2000,Cand,U,Y
413,29576416.0,44689,2000,Cmte,R,Y
426,275.0,1,2000,Cmte,R,h
410,345904.0,725,2000,Cand,L,Y
409,1000.0,1,2000,Cand,I,Y
408,23565600.0,18301,2000,Cmte,D,Y
423,22380203.0,524,2000,Cmte,R,Z
424,3000.0,3,2000,Cand,U,Z
407,11442519.0,17967,2000,Cand,D,Y
425,2000.0,2,2000,Cmte,R,g
405,675643.0,2074,2000,Cand,3,Y
404,112500.0,211,2000,Cand,U,X
264,0.0,0,2000,Cmte, ,J
265,0.0,0,2000,Cand, ,J
266,0.0,0,2000,Cmte,I,J
267,0.0,0,2000,Cand,I,J
268,0.0,0,2000,Cmte,U,J
403,43082002.0,65892,2000,Cmte,R,X
401,213829.0,416,2000,Cmte,L,X
400,338965.0,816,2000,Cand,L,X
399,450.0,4,2000,Cand,I,X
398,24222657.0,27433,2000,Cmte,D,X
429,7500.0,1,2000,Cmte,R,z
210,0.0,0,2000,Cmte,U,H
209,0.0,0,2000,Cmte,I,H
208,0.0,0,2000,Cand, ,H
207,0.0,0,2000,Cmte, ,H
184,0.0,0,2000,Cmte,U,F
183,0.0,0,2000,Cmte,I,F
412,17940426.0,29669,2000,Cand,R,Y
181,0.0,0,2000,Cmte, ,F
1016,0.0,0,2000,Cmte, ,k
1017,0.0,0,2000,Cand, ,k
384,21737399.0,8571,2000,Cmte,R,M
383,3876350.0,6215,2000,Cand,R,M
382,21361.0,47,2000,Cmte,L,M
381,82605.0,152,2000,Cand,L,M
428,8200.0,2,2000,Cmte,D,z
379,8104214.0,1448,2000,Cmte,D,M
427,1000.0,1,2000,Cand,D,k
386,85259.0,228,2000,Cand,3,T
397,10182390.0,21643,2000,Cand,D,X
396,455002.0,537,2000,Cmte,3,X
395,1131378.0,3409,2000,Cand,3,X
394,11100.0,23,2000,Cand,U,T
393,22828160.0,7473,2000,Cmte,R,T
392,4346958.0,6759,2000,Cand,R,T
391,39435.0,89,2000,Cmte,L,T
390,51380.0,96,2000,Cand,L,T
389,10799564.0,1800,2000,Cmte,D,T
295,0.0,0,2000,Cmte, ,M
296,0.0,0,2000,Cand, ,M
297,0.0,0,2000,Cmte,I,M
298,0.0,0,2000,Cmte,U,M
388,1312775.0,2057,2000,Cand,D,T
387,92681.0,61,2000,Cmte,3,T
385,30600.0,52,2000,Cand,U,M
422,0.0,0,2000,Cand, ,X
280,5493.0,14,2000,Cmte,L,A
424,0.0,0,2000,Cmte,U,X
884,0.0,0,2000,Cand,R,f
883,0.0,0,2000,Cmte,R,f
882,0.0,0,2000,Cand,3,f
881,0.0,0,2000,Cmte,3,f
880,0.0,0,2000,Cand,L,f
879,0.0,0,2000,Cmte,L,f
638,0.0,0,2000,Cmte, ,e
639,0.0,0,2000,Cand, ,e
640,0.0,0,2000,Cmte,D,e
641,0.0,0,2000,Cand,D,e
642,0.0,0,2000,Cmte,I,e
643,0.0,0,2000,Cand,I,e
644,0.0,0,2000,Cmte,L,e
645,0.0,0,2000,Cand,L,e
646,0.0,0,2000,Cmte,3,e
885,0.0,0,2000,Cmte,U,f
647,0.0,0,2000,Cand,3,e
886,0.0,0,2000,Cand,U,f
572,0.0,0,2000,Cmte,U,b
277,604678.0,1089,2000,Cand,D,A
276,17502.0,17,2000,Cmte,3,A
275,97387.0,259,2000,Cand,3,A
560,0.0,0,2000,Cmte, ,b
561,0.0,0,2000,Cand, ,b
562,0.0,0,2000,Cmte,D,b
563,0.0,0,2000,Cand,D,b
564,0.0,0,2000,Cmte,I,b
565,0.0,0,2000,Cand,I,b
566,0.0,0,2000,Cmte,L,b
567,0.0,0,2000,Cand,L,b
568,0.0,0,2000,Cmte,3,b
569,0.0,0,2000,Cand,3,b
570,0.0,0,2000,Cmte,R,b
571,0.0,0,2000,Cand,R,b
573,0.0,0,2000,Cand,U,b
278,4318407.0,1154,2000,Cmte,D,A
648,0.0,0,2000,Cmte,R,e
650,0.0,0,2000,Cmte,U,e
731,0.0,0,2000,Cmte,U,d
732,0.0,0,2000,Cand,U,d
801,0.0,0,2000,Cmte, ,g
802,0.0,0,2000,Cand, ,g
803,0.0,0,2000,Cmte,D,g
804,0.0,0,2000,Cand,D,g
805,0.0,0,2000,Cmte,I,g
806,0.0,0,2000,Cand,I,g
807,0.0,0,2000,Cmte,L,g
808,0.0,0,2000,Cand,L,g
809,0.0,0,2000,Cmte,3,g
810,0.0,0,2000,Cand,3,g
811,0.0,0,2000,Cand,R,g
812,0.0,0,2000,Cmte,U,g
813,0.0,0,2000,Cand,U,g
730,0.0,0,2000,Cand,R,d
649,0.0,0,2000,Cand,R,e
729,0.0,0,2000,Cmte,R,d
727,0.0,0,2000,Cmte,3,d
651,0.0,0,2000,Cand,U,e
878,0.0,0,2000,Cand,I,f
877,0.0,0,2000,Cmte,I,f
876,0.0,0,2000,Cand,D,f
875,0.0,0,2000,Cmte,D,f
874,0.0,0,2000,Cand, ,f
873,0.0,0,2000,Cmte, ,f
719,0.0,0,2000,Cmte, ,d
720,0.0,0,2000,Cand, ,d
721,0.0,0,2000,Cmte,D,d
722,0.0,0,2000,Cand,D,d
723,0.0,0,2000,Cmte,I,d
724,0.0,0,2000,Cand,I,d
725,0.0,0,2000,Cmte,L,d
726,0.0,0,2000,Cand,L,d
728,0.0,0,2000,Cand,3,d
423,0.0,0,2000,Cmte,I,X
279,36535.0,79,2000,Cand,L,A
281,2710911.0,4375,2000,Cand,R,A
320,28972691.0,6659,2000,Cmte,R,E
319,3697447.0,5588,2000,Cand,R,E
318,10488.0,26,2000,Cmte,L,E
317,38450.0,72,2000,Cand,L,E
316,8353573.0,1340,2000,Cmte,D,E
315,766935.0,1176,2000,Cand,D,E
314,481585.0,49,2000,Cmte,3,E
313,49185.0,123,2000,Cand,3,E
312,2500.0,4,2000,Cand,U,D
311,3769002.0,1050,2000,Cmte,R,D
310,424967.0,811,2000,Cand,R,D
309,7830.0,22,2000,Cmte,L,D
308,10850.0,26,2000,Cand,L,D
307,1735346.0,319,2000,Cmte,D,D
306,128810.0,236,2000,Cand,D,D
321,15850.0,21,2000,Cand,U,E
305,3100.0,8,2000,Cmte,3,D
446,0.0,0,2000,Cmte,U,Z
444,0.0,0,2000,Cand, ,Z
335,34516014.0,9319,2000,Cmte,D,G
334,7068601.0,10383,2000,Cand,D,G
333,188119.0,137,2000,Cmte,3,G
332,273135.0,647,2000,Cand,3,G
331,142875.0,249,2000,Cand,U,F
330,102440993.0,30699,2000,Cmte,R,F
329,25888569.0,39410,2000,Cand,R,F
328,242151.0,274,2000,Cmte,L,F
327,291398.0,523,2000,Cand,L,F
326,500.0,1,2000,Cand,I,F
325,78493659.0,13888,2000,Cmte,D,F
324,14535421.0,19893,2000,Cand,D,F
323,949575.0,267,2000,Cmte,3,F
322,269175.0,641,2000,Cand,3,F
443,0.0,0,2000,Cmte, ,Z
445,0.0,0,2000,Cmte,I,Z
1018,0.0,0,2000,Cmte,D,k
304,9950.0,30,2000,Cand,3,D
302,38091196.0,8282,2000,Cmte,R,C
491,0.0,0,2000,Cmte,L,c
492,0.0,0,2000,Cand,L,c
493,0.0,0,2000,Cmte,3,c
494,0.0,0,2000,Cand,3,c
495,0.0,0,2000,Cmte,R,c
496,0.0,0,2000,Cand,R,c
497,0.0,0,2000,Cmte,U,c
498,0.0,0,2000,Cand,U,c
288,563.0,2,2000,Cand,I,B
287,8577728.0,3126,2000,Cmte,D,B
286,2348821.0,3490,2000,Cand,D,B
285,38134.0,44,2000,Cmte,3,B
284,121620.0,317,2000,Cand,3,B
283,2950.0,8,2000,Cand,U,A
282,17209259.0,6982,2000,Cmte,R,A
490,0.0,0,2000,Cand,I,c
303,17800.0,26,2000,Cand,U,C
489,0.0,0,2000,Cmte,I,c
487,0.0,0,2000,Cmte,D,c
301,5791868.0,9119,2000,Cand,R,C
300,377792.0,384,2000,Cmte,L,C
299,177975.0,332,2000,Cand,L,C
298,450.0,2,2000,Cand,I,C
297,52420188.0,8086,2000,Cmte,D,C
296,6700564.0,9420,2000,Cand,D,C
295,414150.0,138,2000,Cmte,3,C
294,313043.0,682,2000,Cand,3,C
293,85559.0,155,2000,Cand,U,B
292,16527382.0,12504,2000,Cmte,R,B
291,6208564.0,9599,2000,Cand,R,B
290,45747.0,76,2000,Cmte,L,B
289,95863.0,191,2000,Cand,L,B
485,0.0,0,2000,Cmte, ,c
486,0.0,0,2000,Cand, ,c
488,0.0,0,2000,Cand,D,c
1019,0.0,0,2000,Cmte,I,k
406,514531.0,448,2000,Cmte,3,Y
1496,0.0,0,2000,Cmte,3,z
1263,0.0,0,2000,Cand,R,t
1262,0.0,0,2000,Cmte,R,t
1261,0.0,0,2000,Cand,3,t
1260,0.0,0,2000,Cmte,3,t
1259,0.0,0,2000,Cand,L,t
1258,0.0,0,2000,Cmte,L,t
1264,0.0,0,2000,Cmte,U,t
1257,0.0,0,2000,Cand,I,t
1175,0.0,0,2000,Cmte, ,m
1176,0.0,0,2000,Cand, ,m
1177,0.0,0,2000,Cmte,D,m
1178,0.0,0,2000,Cand,D,m
39,0.0,0,2000,Cmte, ,C
40,0.0,0,2000,Cand, ,C
1256,0.0,0,2000,Cmte,I,t
41,0.0,0,2000,Cmte,I,C
1265,0.0,0,2000,Cand,U,t
127,0.0,0,2000,Cmte,I,D
1026,0.0,0,2000,Cand,R,k
1027,0.0,0,2000,Cmte,U,k
1028,0.0,0,2000,Cand,U,k
1342,0.0,0,2000,Cmte,3,y
1341,0.0,0,2000,Cand,L,y
1340,0.0,0,2000,Cmte,L,y
125,0.0,0,2000,Cmte, ,D
1339,0.0,0,2000,Cand,I,y
1337,0.0,0,2000,Cand,D,y
1336,0.0,0,2000,Cmte,D,y
1335,0.0,0,2000,Cand, ,y
1334,0.0,0,2000,Cmte, ,y
129,0.0,0,2000,Cmte,U,D
128,0.0,0,2000,Cand,I,D
1338,0.0,0,2000,Cmte,I,y
1025,0.0,0,2000,Cmte,R,k
42,0.0,0,2000,Cmte,U,C
1180,0.0,0,2000,Cand,I,m
1498,0.0,0,2000,Cand,R,z
1499,0.0,0,2000,Cmte,U,z
93,0.0,0,2000,Cand, ,E
92,0.0,0,2000,Cmte, ,E
1500,0.0,0,2000,Cand,U,z
1184,0.0,0,2000,Cand,3,m
1497,0.0,0,2000,Cand,3,z
1185,0.0,0,2000,Cmte,R,m
1187,0.0,0,2000,Cmte,U,m
1188,0.0,0,2000,Cand,U,m
69,0.0,0,2000,Cmte,U,B
68,0.0,0,2000,Cmte,I,B
66,0.0,0,2000,Cmte, ,B
67,0.0,0,2000,Cand, ,B
1186,0.0,0,2000,Cand,R,m
1179,0.0,0,2000,Cmte,I,m
1183,0.0,0,2000,Cmte,3,m
1494,0.0,0,2000,Cmte,L,z
1181,0.0,0,2000,Cmte,L,m
1182,0.0,0,2000,Cand,L,m
96,0.0,0,2000,Cmte,U,E
95,0.0,0,2000,Cand,I,E
94,0.0,0,2000,Cmte,I,E
1255,0.0,0,2000,Cand,D,t
1495,0.0,0,2000,Cand,L,z
1254,0.0,0,2000,Cmte,D,t
1252,0.0,0,2000,Cmte, ,t
1489,0.0,0,2000,Cmte, ,z
1490,0.0,0,2000,Cand, ,z
1491,0.0,0,2000,Cand,D,z
1492,0.0,0,2000,Cmte,I,z
1493,0.0,0,2000,Cand,I,z
1253,0.0,0,2000,Cand, ,t
1024,0.0,0,2000,Cand,3,k
126,0.0,0,2000,Cand, ,D
1022,0.0,0,2000,Cand,L,k
158,0.0,0,2000,Cmte,I,G
157,0.0,0,2000,Cand, ,G
1417,0.0,0,2000,Cand,D,x
1347,0.0,0,2000,Cand,U,y
1418,0.0,0,2000,Cmte,I,x
1419,0.0,0,2000,Cand,I,x
1420,0.0,0,2000,Cmte,L,x
1421,0.0,0,2000,Cand,L,x
1422,0.0,0,2000,Cmte,3,x
1423,0.0,0,2000,Cand,3,x
1424,0.0,0,2000,Cmte,R,x
1425,0.0,0,2000,Cand,R,x
1426,0.0,0,2000,Cmte,U,x
159,0.0,0,2000,Cmte,U,G
1427,0.0,0,2000,Cand,U,x
1094,0.0,0,2000,Cmte, ,j
1095,0.0,0,2000,Cand, ,j
1096,0.0,0,2000,Cmte,D,j
1023,0.0,0,2000,Cmte,3,k
1107,0.0,0,2000,Cand,U,j
1106,0.0,0,2000,Cmte,U,j
1105,0.0,0,2000,Cand,R,j
1104,0.0,0,2000,Cmte,R,j
1103,0.0,0,2000,Cand,3,j
1102,0.0,0,2000,Cmte,3,j
1101,0.0,0,2000,Cand,L,j
1100,0.0,0,2000,Cmte,L,j
1099,0.0,0,2000,Cand,I,j
156,0.0,0,2000,Cmte, ,G
1098,0.0,0,2000,Cmte,I,j
1097,0.0,0,2000,Cand,D,j
1414,0.0,0,2000,Cmte, ,x
1415,0.0,0,2000,Cand, ,x
1416,0.0,0,2000,Cmte,D,x
11,0.0,0,2000,Cmte, ,A
12,0.0,0,2000,Cand, ,A
13,0.0,0,2000,Cmte,I,A
14,0.0,0,2000,Cand,I,A
15,0.0,0,2000,Cmte,U,A
1346,0.0,0,2000,Cmte,U,y
1345,0.0,0,2000,Cand,R,y
1344,0.0,0,2000,Cmte,R,y
1343,0.0,0,2000,Cand,3,y
1020,0.0,0,2000,Cand,I,k
1021,0.0,0,2000,Cmte,L,k
587,0.0,0,2004,Cand,U,b
586,0.0,0,2004,Cmte,U,b
563,820827.0,423,2004,Cand,R,Z
898,0.0,0,2004,Cand,U,f
562,1624.0,42,2004,Cmte,L,Z
1193,0.0,0,2004,Cmte,I,m
585,0.0,0,2004,Cand,R,b
1192,0.0,0,2004,Cand,D,m
574,0.0,0,2004,Cmte, ,b
1190,0.0,0,2004,Cand, ,m
1189,0.0,0,2004,Cmte, ,m
575,0.0,0,2004,Cand, ,b
576,0.0,0,2004,Cmte,D,b
1194,0.0,0,2004,Cand,I,m
577,0.0,0,2004,Cand,D,b
579,0.0,0,2004,Cand,I,b
580,0.0,0,2004,Cmte,L,b
581,0.0,0,2004,Cand,L,b
582,0.0,0,2004,Cmte,3,b
583,0.0,0,2004,Cand,3,b
584,0.0,0,2004,Cmte,R,b
578,0.0,0,2004,Cmte,I,b
1191,0.0,0,2004,Cmte,D,m
1108,0.0,0,2004,Cmte, ,j
1110,0.0,0,2004,Cmte,D,j
570,1250.0,5,2004,Cmte,R,g
569,2500.0,6,2004,Cand,R,g
568,1500.0,3,2004,Cand,D,g
567,10150.0,11,2004,Cmte,R,f
566,700.0,2,2004,Cmte,D,f
565,611.0,1,2004,Cand,U,Z
564,1096321.0,1633,2004,Cmte,R,Z
512,0.0,0,2004,Cand,U,c
502,0.0,0,2004,Cand,D,c
897,0.0,0,2004,Cmte,U,f
503,0.0,0,2004,Cmte,I,c
504,0.0,0,2004,Cand,I,c
505,0.0,0,2004,Cmte,L,c
511,0.0,0,2004,Cmte,U,c
510,0.0,0,2004,Cand,R,c
509,0.0,0,2004,Cmte,R,c
508,0.0,0,2004,Cand,3,c
506,0.0,0,2004,Cand,L,c
507,0.0,0,2004,Cmte,3,c
571,3750.0,11,2004,Cand,D,h
1109,0.0,0,2004,Cand, ,j
572,3675.0,12,2004,Cmte,D,h
574,475.0,2,2004,Cmte,R,h
1111,0.0,0,2004,Cand,D,j
1112,0.0,0,2004,Cmte,I,j
1113,0.0,0,2004,Cand,I,j
1114,0.0,0,2004,Cmte,L,j
1115,0.0,0,2004,Cand,L,j
815,0.0,0,2004,Cand, ,g
578,1000.0,1,2004,Cmte,D,x
1116,0.0,0,2004,Cmte,3,j
1117,0.0,0,2004,Cand,3,j
1118,0.0,0,2004,Cmte,R,j
161,0.0,0,2004,Cand, ,G
1120,0.0,0,2004,Cmte,U,j
1121,0.0,0,2004,Cand,U,j
499,0.0,0,2004,Cmte, ,c
500,0.0,0,2004,Cand, ,c
501,0.0,0,2004,Cmte,D,c
577,500.0,1,2004,Cand,D,x
576,1500.0,2,2004,Cmte,D,k
575,2000.0,2,2004,Cand,D,k
573,200.0,1,2004,Cand,R,h
896,0.0,0,2004,Cand,R,f
162,0.0,0,2004,Cmte,I,G
894,0.0,0,2004,Cmte,3,f
1349,0.0,0,2004,Cand, ,y
1348,0.0,0,2004,Cmte, ,y
746,0.0,0,2004,Cand,U,d
745,0.0,0,2004,Cmte,U,d
744,0.0,0,2004,Cand,R,d
743,0.0,0,2004,Cmte,R,d
742,0.0,0,2004,Cand,3,d
741,0.0,0,2004,Cmte,3,d
740,0.0,0,2004,Cand,L,d
739,0.0,0,2004,Cmte,L,d
738,0.0,0,2004,Cand,I,d
737,0.0,0,2004,Cmte,I,d
736,0.0,0,2004,Cand,D,d
735,0.0,0,2004,Cmte,D,d
734,0.0,0,2004,Cand, ,d
733,0.0,0,2004,Cmte, ,d
1435,0.0,0,2004,Cand,3,x
1436,0.0,0,2004,Cmte,R,x
1437,0.0,0,2004,Cand,R,x
1438,0.0,0,2004,Cmte,U,x
1439,0.0,0,2004,Cand,U,x
1279,0.0,0,2004,Cand,U,t
1278,0.0,0,2004,Cmte,U,t
1350,0.0,0,2004,Cmte,D,y
1351,0.0,0,2004,Cand,D,y
1352,0.0,0,2004,Cmte,I,y
1353,0.0,0,2004,Cand,I,y
814,0.0,0,2004,Cmte, ,g
1428,0.0,0,2004,Cmte, ,x
1429,0.0,0,2004,Cand, ,x
1430,0.0,0,2004,Cmte,I,x
1431,0.0,0,2004,Cand,I,x
1432,0.0,0,2004,Cmte,L,x
1433,0.0,0,2004,Cand,L,x
1434,0.0,0,2004,Cmte,3,x
1361,0.0,0,2004,Cand,U,y
1360,0.0,0,2004,Cmte,U,y
1359,0.0,0,2004,Cand,R,y
1277,0.0,0,2004,Cand,R,t
1358,0.0,0,2004,Cmte,R,y
1356,0.0,0,2004,Cmte,3,y
817,0.0,0,2004,Cmte,I,g
818,0.0,0,2004,Cand,I,g
819,0.0,0,2004,Cmte,L,g
820,0.0,0,2004,Cand,L,g
821,0.0,0,2004,Cmte,3,g
822,0.0,0,2004,Cand,3,g
823,0.0,0,2004,Cmte,U,g
824,0.0,0,2004,Cand,U,g
1355,0.0,0,2004,Cand,L,y
1354,0.0,0,2004,Cmte,L,y
1357,0.0,0,2004,Cand,3,y
1276,0.0,0,2004,Cmte,R,t
1275,0.0,0,2004,Cand,3,t
1274,0.0,0,2004,Cmte,3,t
1506,0.0,0,2004,Cand,I,z
1507,0.0,0,2004,Cmte,L,z
1508,0.0,0,2004,Cand,L,z
1509,0.0,0,2004,Cmte,3,z
1510,0.0,0,2004,Cand,3,z
1511,0.0,0,2004,Cmte,R,z
1512,0.0,0,2004,Cand,R,z
1513,0.0,0,2004,Cmte,U,z
1514,0.0,0,2004,Cand,U,z
1202,0.0,0,2004,Cand,U,m
1201,0.0,0,2004,Cmte,U,m
1505,0.0,0,2004,Cmte,I,z
1200,0.0,0,2004,Cand,R,m
1198,0.0,0,2004,Cand,3,m
1197,0.0,0,2004,Cmte,3,m
1196,0.0,0,2004,Cand,L,m
1195,0.0,0,2004,Cmte,L,m
887,0.0,0,2004,Cmte, ,f
888,0.0,0,2004,Cand, ,f
889,0.0,0,2004,Cand,D,f
890,0.0,0,2004,Cmte,I,f
891,0.0,0,2004,Cand,I,f
892,0.0,0,2004,Cmte,L,f
893,0.0,0,2004,Cand,L,f
1199,0.0,0,2004,Cmte,R,m
895,0.0,0,2004,Cand,3,f
1504,0.0,0,2004,Cand,D,z
1502,0.0,0,2004,Cand, ,z
1273,0.0,0,2004,Cand,L,t
1272,0.0,0,2004,Cmte,L,t
1271,0.0,0,2004,Cand,I,t
1270,0.0,0,2004,Cmte,I,t
1269,0.0,0,2004,Cand,D,t
1268,0.0,0,2004,Cmte,D,t
1267,0.0,0,2004,Cand, ,t
1266,0.0,0,2004,Cmte, ,t
665,0.0,0,2004,Cand,U,e
664,0.0,0,2004,Cmte,U,e
663,0.0,0,2004,Cand,R,e
1503,0.0,0,2004,Cmte,D,z
662,0.0,0,2004,Cmte,R,e
660,0.0,0,2004,Cmte,3,e
659,0.0,0,2004,Cand,L,e
658,0.0,0,2004,Cmte,L,e
657,0.0,0,2004,Cand,I,e
656,0.0,0,2004,Cmte,I,e
655,0.0,0,2004,Cand,D,e
654,0.0,0,2004,Cmte,D,e
653,0.0,0,2004,Cand, ,e
652,0.0,0,2004,Cmte, ,e
561,30485.0,38,2004,Cand,L,Z
1501,0.0,0,2004,Cmte, ,z
661,0.0,0,2004,Cand,3,e
560,21665.0,13,2004,Cand,I,Z
1119,0.0,0,2004,Cand,R,j
558,13072910.0,384,2004,Cand,D,Z
1036,0.0,0,2004,Cand,3,k
1035,0.0,0,2004,Cmte,3,k
1034,0.0,0,2004,Cand,L,k
1033,0.0,0,2004,Cmte,L,k
1032,0.0,0,2004,Cand,I,k
1031,0.0,0,2004,Cmte,I,k
1030,0.0,0,2004,Cand, ,k
492,27886270.0,33424,2004,Cmte,D,H
274,0.0,0,2004,Cand,U,J
273,0.0,0,2004,Cmte,U,J
272,0.0,0,2004,Cand,I,J
271,0.0,0,2004,Cmte,I,J
270,0.0,0,2004,Cand, ,J
269,0.0,0,2004,Cmte, ,J
491,23267206.0,39132,2004,Cand,D,H
490,67141.0,96,2004,Cmte,3,H
489,183329.0,365,2004,Cand,3,H
134,0.0,0,2004,Cmte,U,D
133,0.0,0,2004,Cand,I,D
132,0.0,0,2004,Cmte,I,D
131,0.0,0,2004,Cand, ,D
130,0.0,0,2004,Cmte, ,D
480,93621809.0,49746,2004,Cmte,R,F
1037,0.0,0,2004,Cmte,R,k
481,126153.0,251,2004,Cand,3,G
483,18390850.0,25306,2004,Cand,D,G
484,33635648.0,21303,2004,Cmte,D,G
485,54431.0,118,2004,Cand,L,G
486,97501.0,182,2004,Cmte,L,G
487,17431306.0,18380,2004,Cand,R,G
488,43572616.0,39278,2004,Cmte,R,G
482,63316.0,90,2004,Cmte,3,G
1038,0.0,0,2004,Cand,R,k
102,0.0,0,2004,Cand,U,E
101,0.0,0,2004,Cmte,U,E
497,27120922.0,32904,2004,Cmte,R,H
498,300.0,1,2004,Cand,U,H
499,93535.0,101,2004,Cand,3,J
500,1896.0,5,2004,Cmte,3,J
501,17656032.0,23626,2004,Cand,D,J
502,2647909.0,1298,2004,Cmte,D,J
496,13379014.0,16442,2004,Cand,R,H
503,19325.0,45,2004,Cand,L,J
1040,0.0,0,2004,Cand,U,k
74,0.0,0,2004,Cmte,U,B
73,0.0,0,2004,Cand,I,B
72,0.0,0,2004,Cmte,I,B
71,0.0,0,2004,Cand, ,B
70,0.0,0,2004,Cmte, ,B
1039,0.0,0,2004,Cmte,U,k
135,0.0,0,2004,Cand,U,D
495,75309.0,198,2004,Cmte,L,H
493,750.0,1,2004,Cand,I,H
100,0.0,0,2004,Cand,I,E
99,0.0,0,2004,Cmte,I,E
98,0.0,0,2004,Cand, ,E
97,0.0,0,2004,Cmte, ,E
299,0.0,0,2004,Cmte, ,M
300,0.0,0,2004,Cand, ,M
494,59427.0,116,2004,Cand,L,H
301,0.0,0,2004,Cmte,I,M
303,0.0,0,2004,Cmte,U,M
304,0.0,0,2004,Cand,U,M
969,0.0,0,2004,Cand,U,h
968,0.0,0,2004,Cmte,U,h
559,1308147.0,271,2004,Cmte,D,Z
966,0.0,0,2004,Cmte,3,h
302,0.0,0,2004,Cand,I,M
340,0.0,0,2004,Cmte, ,L
1029,0.0,0,2004,Cmte, ,k
243,0.0,0,2004,Cmte,U,K
451,2503.0,8,2004,Cand,I,C
452,72538.0,124,2004,Cand,L,C
453,102741.0,197,2004,Cmte,L,C
454,5998357.0,5895,2004,Cand,R,C
455,16609555.0,9114,2004,Cmte,R,C
456,34681.0,43,2004,Cand,3,D
457,3223.0,9,2004,Cmte,3,D
458,733968.0,1360,2004,Cand,D,D
189,0.0,0,2004,Cand,U,F
188,0.0,0,2004,Cmte,U,F
187,0.0,0,2004,Cmte,I,F
186,0.0,0,2004,Cand, ,F
185,0.0,0,2004,Cmte, ,F
472,149309.0,247,2004,Cand,3,F
471,12797975.0,6972,2004,Cmte,R,E
470,5216777.0,5008,2004,Cand,R,E
459,981134.0,1138,2004,Cmte,D,D
163,0.0,0,2004,Cand,I,G
164,0.0,0,2004,Cmte,U,G
165,0.0,0,2004,Cand,U,G
160,0.0,0,2004,Cmte, ,G
469,16076.0,30,2004,Cmte,L,E
468,7550.0,18,2004,Cand,L,E
450,30953764.0,17258,2004,Cmte,D,C
467,3466557.0,1756,2004,Cmte,D,E
465,4994.0,15,2004,Cmte,3,E
464,32500.0,60,2004,Cand,3,E
463,1999188.0,1880,2004,Cmte,R,D
462,1051638.0,1331,2004,Cand,R,D
461,13536.0,36,2004,Cmte,L,D
460,8800.0,14,2004,Cand,L,D
466,1438747.0,2006,2004,Cand,D,E
449,16982274.0,23618,2004,Cand,D,C
448,58264.0,79,2004,Cmte,3,C
447,178855.0,265,2004,Cand,3,C
436,3851130.0,4402,2004,Cand,R,A
435,23890.0,27,2004,Cmte,L,A
434,8225.0,15,2004,Cand,L,A
433,2606807.0,1585,2004,Cmte,D,A
432,1336194.0,2010,2004,Cand,D,A
431,11625.0,12,2004,Cmte,3,A
437,8539937.0,8722,2004,Cmte,R,A
430,29100.0,60,2004,Cand,3,A
478,123688.0,180,2004,Cmte,L,F
479,37503012.0,33525,2004,Cand,R,F
239,0.0,0,2004,Cmte, ,K
240,0.0,0,2004,Cand, ,K
241,0.0,0,2004,Cmte,I,K
242,0.0,0,2004,Cand,I,K
477,52189.0,96,2004,Cand,L,F
244,0.0,0,2004,Cand,U,K
438,46667.0,104,2004,Cand,3,B
440,4456083.0,6285,2004,Cand,D,B
446,250.0,1,2004,Cand,U,B
445,21672525.0,19917,2004,Cmte,R,B
444,9930298.0,9797,2004,Cand,R,B
443,20927.0,53,2004,Cmte,L,B
442,11640.0,29,2004,Cand,L,B
473,96362.0,113,2004,Cmte,3,F
439,11798.0,20,2004,Cmte,3,B
474,28089594.0,30598,2004,Cand,D,F
476,200.0,1,2004,Cand,I,F
211,0.0,0,2004,Cmte, ,H
212,0.0,0,2004,Cand, ,H
213,0.0,0,2004,Cmte,I,H
214,0.0,0,2004,Cmte,U,H
441,6219046.0,4718,2004,Cmte,D,B
475,65642453.0,21593,2004,Cmte,D,F
341,0.0,0,2004,Cand, ,L
967,0.0,0,2004,Cand,3,h
343,0.0,0,2004,Cand,I,L
532,200.0,1,2004,Cand,I,T
531,4126615.0,2170,2004,Cmte,D,T
530,2229663.0,3150,2004,Cand,D,T
16,0.0,0,2004,Cmte, ,A
17,0.0,0,2004,Cand, ,A
18,0.0,0,2004,Cmte,I,A
19,0.0,0,2004,Cand,I,A
20,0.0,0,2004,Cmte,U,A
21,0.0,0,2004,Cand,U,A
529,5154.0,13,2004,Cmte,3,T
528,38224.0,57,2004,Cand,3,T
527,13504534.0,8803,2004,Cmte,R,M
406,0.0,0,2004,Cand,U,Y
405,0.0,0,2004,Cmte,U,Y
404,0.0,0,2004,Cmte,I,Y
403,0.0,0,2004,Cand, ,Y
526,4561873.0,4342,2004,Cand,R,M
525,16248.0,35,2004,Cmte,L,M
524,7862.0,24,2004,Cand,L,M
523,4646383.0,1878,2004,Cmte,D,M
522,2140551.0,2550,2004,Cand,D,M
342,0.0,0,2004,Cmte,I,L
521,27444.0,11,2004,Cmte,3,M
520,55425.0,60,2004,Cand,3,M
519,15011.0,29,2004,Cmte,R,L
518,19970.0,25,2004,Cand,R,L
517,737037.0,760,2004,Cmte,D,L
516,993771.0,2094,2004,Cand,D,L
515,500.0,2,2004,Cand,3,L
533,15471.0,33,2004,Cand,L,T
425,0.0,0,2004,Cmte, ,X
426,0.0,0,2004,Cand, ,X
427,0.0,0,2004,Cmte,I,X
557,172694.0,13,2004,Cand,3,Z
556,68188192.0,107221,2004,Cmte,R,Y
555,39763551.0,46070,2004,Cand,R,Y
554,267345.0,580,2004,Cmte,L,Y
553,173172.0,355,2004,Cand,L,Y
552,650.0,3,2004,Cand,I,Y
451,0.0,0,2004,Cmte,U,Z
450,0.0,0,2004,Cmte,3,Z
449,0.0,0,2004,Cmte,I,Z
448,0.0,0,2004,Cand, ,Z
447,0.0,0,2004,Cmte, ,Z
551,40302771.0,50258,2004,Cmte,D,Y
550,41481696.0,64318,2004,Cand,D,Y
549,179060.0,260,2004,Cmte,3,Y
43,0.0,0,2004,Cmte, ,C
548,449085.0,857,2004,Cand,3,Y
546,250.0,1,2004,Cand,U,X
545,59084470.0,90607,2004,Cmte,R,X
544,28718292.0,42439,2004,Cand,R,X
543,193463.0,375,2004,Cmte,L,X
542,116064.0,257,2004,Cand,L,X
541,1200.0,2,2004,Cand,I,X
540,58188532.0,68318,2004,Cmte,D,X
539,31951060.0,55227,2004,Cand,D,X
538,209543.0,297,2004,Cmte,3,X
537,395005.0,718,2004,Cand,3,X
536,14266109.0,10663,2004,Cmte,R,T
535,5872195.0,5736,2004,Cand,R,T
534,25921.0,55,2004,Cmte,L,T
428,0.0,0,2004,Cmte,U,X
547,5500.0,2,2004,Cmte, ,Y
44,0.0,0,2004,Cand, ,C
816,0.0,0,2004,Cmte,D,g
378,0.0,0,2004,Cmte, ,T
510,60991168.0,34182,2004,Cmte,D,K
963,0.0,0,2004,Cand,I,h
962,0.0,0,2004,Cmte,I,h
45,0.0,0,2004,Cmte,I,C
46,0.0,0,2004,Cmte,U,C
47,0.0,0,2004,Cand,U,C
961,0.0,0,2004,Cand, ,h
960,0.0,0,2004,Cmte, ,h
504,898.0,3,2004,Cmte,L,J
514,20084471.0,17571,2004,Cmte,R,K
505,4722501.0,5844,2004,Cand,R,J
513,14039251.0,13692,2004,Cand,R,K
512,11941.0,34,2004,Cmte,L,K
506,986396.0,505,2004,Cmte,R,J
507,105055.0,154,2004,Cand,3,K
508,116467.0,80,2004,Cmte,3,K
509,46449471.0,54280,2004,Cand,D,K
964,0.0,0,2004,Cmte,L,h
965,0.0,0,2004,Cand,L,h
511,2975.0,19,2004,Cand,L,K
348,0.0,0,2004,Cand,U,L
344,0.0,0,2004,Cmte,L,L
345,0.0,0,2004,Cand,L,L
346,0.0,0,2004,Cmte,3,L
379,0.0,0,2004,Cand, ,T
380,0.0,0,2004,Cmte,I,T
382,0.0,0,2004,Cand,U,T
347,0.0,0,2004,Cmte,U,L
381,0.0,0,2004,Cmte,U,T
825,0.0,0,2008,Cmte, ,g
1127,0.0,0,2008,Cmte,L,j
1126,0.0,0,2008,Cand,I,j
1212,0.0,0,2008,Cmte,U,m
1124,0.0,0,2008,Cmte,D,j
1123,0.0,0,2008,Cand, ,j
826,0.0,0,2008,Cand, ,g
1125,0.0,0,2008,Cmte,I,j
827,0.0,0,2008,Cmte,I,g
831,0.0,0,2008,Cmte,3,g
829,0.0,0,2008,Cmte,L,g
830,0.0,0,2008,Cand,L,g
1043,0.0,0,2008,Cand,D,k
1122,0.0,0,2008,Cmte, ,j
832,0.0,0,2008,Cand,3,g
833,0.0,0,2008,Cmte,U,g
834,0.0,0,2008,Cand,U,g
1128,0.0,0,2008,Cand,L,j
1044,0.0,0,2008,Cmte,I,k
828,0.0,0,2008,Cand,I,g
1203,0.0,0,2008,Cmte, ,m
1205,0.0,0,2008,Cmte,I,m
1211,0.0,0,2008,Cand,R,m
1213,0.0,0,2008,Cand,U,m
1042,0.0,0,2008,Cand, ,k
1041,0.0,0,2008,Cmte, ,k
1374,0.0,0,2008,Cand,U,y
1373,0.0,0,2008,Cmte,U,y
1372,0.0,0,2008,Cand,R,y
1371,0.0,0,2008,Cmte,R,y
1370,0.0,0,2008,Cand,3,y
1369,0.0,0,2008,Cmte,3,y
1368,0.0,0,2008,Cand,L,y
1367,0.0,0,2008,Cmte,L,y
1204,0.0,0,2008,Cand, ,m
1366,0.0,0,2008,Cand,I,y
1364,0.0,0,2008,Cmte,D,y
1363,0.0,0,2008,Cand, ,y
1210,0.0,0,2008,Cand,3,m
1362,0.0,0,2008,Cmte, ,y
1209,0.0,0,2008,Cmte,3,m
899,0.0,0,2008,Cmte, ,f
900,0.0,0,2008,Cand, ,f
1208,0.0,0,2008,Cand,L,m
1207,0.0,0,2008,Cmte,L,m
1206,0.0,0,2008,Cand,I,m
901,0.0,0,2008,Cmte,I,f
1365,0.0,0,2008,Cmte,I,y
978,0.0,0,2008,Cmte,U,h
974,0.0,0,2008,Cmte,L,h
971,0.0,0,2008,Cand, ,h
1450,0.0,0,2008,Cand,U,x
1293,0.0,0,2008,Cand,U,t
1292,0.0,0,2008,Cmte,U,t
1291,0.0,0,2008,Cand,R,t
1290,0.0,0,2008,Cmte,R,t
1289,0.0,0,2008,Cand,3,t
1288,0.0,0,2008,Cmte,3,t
1287,0.0,0,2008,Cand,L,t
1286,0.0,0,2008,Cmte,L,t
1285,0.0,0,2008,Cand,I,t
1284,0.0,0,2008,Cmte,I,t
1283,0.0,0,2008,Cand,D,t
1282,0.0,0,2008,Cmte,D,t
1281,0.0,0,2008,Cand, ,t
1449,0.0,0,2008,Cmte,U,x
1280,0.0,0,2008,Cmte, ,t
1525,0.0,0,2008,Cmte,U,z
1524,0.0,0,2008,Cmte,R,z
1523,0.0,0,2008,Cand,3,z
1522,0.0,0,2008,Cmte,3,z
1521,0.0,0,2008,Cand,L,z
1520,0.0,0,2008,Cmte,L,z
1519,0.0,0,2008,Cand,I,z
1518,0.0,0,2008,Cmte,I,z
1517,0.0,0,2008,Cmte,D,z
1516,0.0,0,2008,Cand, ,z
1515,0.0,0,2008,Cmte, ,z
975,0.0,0,2008,Cand,L,h
976,0.0,0,2008,Cmte,3,h
977,0.0,0,2008,Cand,3,h
1526,0.0,0,2008,Cand,U,z
970,0.0,0,2008,Cmte, ,h
1448,0.0,0,2008,Cmte,R,x
1446,0.0,0,2008,Cmte,3,x
972,0.0,0,2008,Cmte,I,h
973,0.0,0,2008,Cand,I,h
979,0.0,0,2008,Cand,U,h
1129,0.0,0,2008,Cmte,3,j
1130,0.0,0,2008,Cand,3,j
1131,0.0,0,2008,Cmte,R,j
1132,0.0,0,2008,Cand,R,j
1133,0.0,0,2008,Cmte,U,j
1134,0.0,0,2008,Cand,U,j
1045,0.0,0,2008,Cand,I,k
1046,0.0,0,2008,Cmte,L,k
1047,0.0,0,2008,Cand,L,k
1048,0.0,0,2008,Cmte,3,k
1049,0.0,0,2008,Cand,3,k
1447,0.0,0,2008,Cand,3,x
908,0.0,0,2008,Cand,U,f
906,0.0,0,2008,Cand,3,f
905,0.0,0,2008,Cmte,3,f
904,0.0,0,2008,Cand,L,f
903,0.0,0,2008,Cmte,L,f
902,0.0,0,2008,Cand,I,f
1050,0.0,0,2008,Cmte,R,k
1051,0.0,0,2008,Cand,R,k
1053,0.0,0,2008,Cand,U,k
1052,0.0,0,2008,Cmte,U,k
1440,0.0,0,2008,Cmte, ,x
1441,0.0,0,2008,Cand, ,x
1442,0.0,0,2008,Cmte,I,x
1443,0.0,0,2008,Cand,I,x
1444,0.0,0,2008,Cmte,L,x
907,0.0,0,2008,Cmte,U,f
1445,0.0,0,2008,Cand,L,x
279,0.0,0,2008,Cmte,U,J
136,0.0,0,2008,Cmte, ,D
77,0.0,0,2008,Cmte,I,B
78,0.0,0,2008,Cand,I,B
79,0.0,0,2008,Cand,U,B
664,12500.0,27,2008,Cand,L,K
103,0.0,0,2008,Cmte, ,E
104,0.0,0,2008,Cand, ,E
105,0.0,0,2008,Cmte,I,E
106,0.0,0,2008,Cand,I,E
107,0.0,0,2008,Cmte,U,E
108,0.0,0,2008,Cand,U,E
663,90940529.0,44824,2008,Cmte,D,K
662,82489757.0,112195,2008,Cand,D,K
661,19947.0,37,2008,Cmte,3,K
137,0.0,0,2008,Cand, ,D
138,0.0,0,2008,Cmte,I,D
76,0.0,0,2008,Cand, ,B
75,0.0,0,2008,Cmte, ,B
665,24890.0,51,2008,Cmte,L,K
666,22676508.0,28237,2008,Cand,R,K
677,5150541.0,7196,2008,Cand,D,M
676,225.0,1,2008,Cmte,3,M
675,37617.0,57,2008,Cand,3,M
674,92807.0,64,2008,Cmte,R,L
673,51892.0,65,2008,Cand,R,L
672,751339.0,799,2008,Cmte,D,L
671,1038723.0,2331,2008,Cand,D,L
139,0.0,0,2008,Cand,I,D
670,450.0,2,2008,Cmte,3,L
668,6614.0,7,2008,Cmte,U,K
667,29875778.0,21319,2008,Cmte,R,K
48,0.0,0,2008,Cmte, ,C
49,0.0,0,2008,Cand, ,C
50,0.0,0,2008,Cmte,I,C
51,0.0,0,2008,Cand,I,C
52,0.0,0,2008,Cand,U,C
669,1600.0,6,2008,Cand,3,L
678,8975093.0,2774,2008,Cmte,D,M
140,0.0,0,2008,Cmte,U,D
660,100965.0,175,2008,Cand,3,K
652,123988.0,216,2008,Cand,3,J
651,1050.0,3,2008,Cmte,U,H
650,37235045.0,35304,2008,Cmte,R,H
245,0.0,0,2008,Cmte, ,K
247,0.0,0,2008,Cmte,I,K
248,0.0,0,2008,Cand,I,K
249,0.0,0,2008,Cand,U,K
649,19509490.0,28781,2008,Cand,R,H
275,0.0,0,2008,Cmte, ,J
276,0.0,0,2008,Cand, ,J
277,0.0,0,2008,Cmte,I,J
278,0.0,0,2008,Cand,I,J
648,79607.0,148,2008,Cmte,L,H
647,47269.0,79,2008,Cand,L,H
646,1200.0,2,2008,Cand,I,H
218,0.0,0,2008,Cand,U,H
217,0.0,0,2008,Cmte,I,H
216,0.0,0,2008,Cand, ,H
215,0.0,0,2008,Cmte, ,H
659,940866.0,506,2008,Cmte,R,J
658,10311080.0,15824,2008,Cand,R,J
657,2215.0,3,2008,Cmte,L,J
166,0.0,0,2008,Cmte, ,G
167,0.0,0,2008,Cand, ,G
168,0.0,0,2008,Cmte,I,G
169,0.0,0,2008,Cand,U,G
141,0.0,0,2008,Cand,U,D
656,27259.0,44,2008,Cand,L,J
190,0.0,0,2008,Cmte, ,F
191,0.0,0,2008,Cand, ,F
192,0.0,0,2008,Cmte,I,F
193,0.0,0,2008,Cand,I,F
194,0.0,0,2008,Cand,U,F
654,29247832.0,43065,2008,Cand,D,J
653,-362.0,11,2008,Cmte,3,J
655,5359222.0,2258,2008,Cmte,D,J
679,11500.0,20,2008,Cand,L,M
680,19772.0,22,2008,Cmte,L,M
681,6521151.0,7233,2008,Cand,R,M
732,8200.0,5,2008,Cand,R,f
731,17750.0,6,2008,Cmte,D,f
730,10400.0,8,2008,Cand,D,f
729,2005.0,3,2008,Cmte,R,c
728,5600.0,11,2008,Cand,R,c
727,3900.0,4,2008,Cmte,D,c
726,16680.0,23,2008,Cand,D,c
725,500.0,1,2008,Cand,R,b
724,10200.0,2,2008,Cmte,D,b
723,750.0,3,2008,Cmte,U,Z
722,70.0,2,2008,Cand,U,Z
721,1725283.0,451,2008,Cmte,R,Z
720,5777442.0,850,2008,Cand,R,Z
719,200.0,1,2008,Cmte,L,Z
718,139909.0,20,2008,Cand,L,Z
733,39945.0,29,2008,Cmte,R,f
734,4100.0,9,2008,Cand,D,g
735,1000.0,4,2008,Cmte,D,g
736,18100.0,16,2008,Cand,R,g
752,-2300.0,1,2008,Cand,R,z
751,3000.0,2,2008,Cand,D,z
750,1000.0,1,2008,Cand,D,y
749,250.0,1,2008,Cand,R,x
748,8150.0,7,2008,Cmte,D,x
747,23150.0,30,2008,Cand,D,x
746,750.0,2,2008,Cmte,R,m
717,87571.0,75,2008,Cand,I,Z
745,5250.0,2,2008,Cmte,D,m
743,500.0,1,2008,Cmte,D,k
742,250.0,1,2008,Cand,D,j
741,250.0,1,2008,Cmte,R,h
740,1000.0,1,2008,Cand,R,h
739,300.0,1,2008,Cmte,D,h
738,1260.0,5,2008,Cand,D,h
737,15900.0,18,2008,Cmte,R,g
744,4800.0,7,2008,Cand,D,m
716,8713570.0,3018,2008,Cmte,D,Z
715,6511859.0,7713,2008,Cand,D,Z
714,342.0,1,2008,Cmte,3,Z
693,267859.0,291,2008,Cmte,3,X
692,589546.0,1209,2008,Cand,3,X
691,19911082.0,9331,2008,Cmte,R,T
690,7221817.0,8193,2008,Cand,R,T
689,21500.0,29,2008,Cmte,L,T
688,21488.0,31,2008,Cand,L,T
687,500.0,1,2008,Cand,I,T
694,89149481.0,175854,2008,Cand,D,X
686,7062750.0,2570,2008,Cmte,D,T
684,4568.0,16,2008,Cmte,3,T
683,36665.0,68,2008,Cand,3,T
682,19308654.0,8106,2008,Cmte,R,M
22,0.0,0,2008,Cmte, ,A
23,0.0,0,2008,Cand, ,A
24,0.0,0,2008,Cmte,I,A
25,0.0,0,2008,Cand,U,A
685,5105148.0,7673,2008,Cand,D,T
645,45916896.0,36177,2008,Cmte,D,H
695,96655995.0,81194,2008,Cmte,D,X
697,122451.0,200,2008,Cand,L,X
713,91212.0,70,2008,Cand,3,Z
712,5842.0,17,2008,Cmte, ,Z
711,9552.0,14,2008,Cmte,U,Y
710,68045787.0,91828,2008,Cmte,R,Y
709,51556679.0,70819,2008,Cand,R,Y
708,194434.0,346,2008,Cmte,L,Y
707,129777.0,262,2008,Cand,L,Y
696,13563.0,10,2008,Cand,I,X
706,9054.0,14,2008,Cand,I,Y
704,109992871.0,195987,2008,Cand,D,Y
703,125243.0,268,2008,Cmte,3,Y
702,440842.0,1005,2008,Cand,3,Y
701,7569.0,23,2008,Cmte,U,X
700,109089389.0,139948,2008,Cmte,R,X
699,56494456.0,98227,2008,Cand,R,X
698,221507.0,294,2008,Cmte,L,X
705,51000890.0,54825,2008,Cmte,D,Y
280,0.0,0,2008,Cand,U,J
246,0.0,0,2008,Cand, ,K
604,10783708.0,13989,2008,Cand,R,C
605,21247512.0,10998,2008,Cmte,R,C
305,0.0,0,2008,Cmte, ,M
603,71820.0,120,2008,Cmte,L,C
602,36760.0,71,2008,Cand,L,C
601,60484910.0,21942,2008,Cmte,D,C
600,41197930.0,63691,2008,Cand,D,C
666,0.0,0,2008,Cmte, ,e
667,0.0,0,2008,Cand, ,e
668,0.0,0,2008,Cmte,D,e
669,0.0,0,2008,Cand,D,e
670,0.0,0,2008,Cmte,I,e
671,0.0,0,2008,Cand,I,e
672,0.0,0,2008,Cmte,L,e
673,0.0,0,2008,Cand,L,e
674,0.0,0,2008,Cmte,3,e
606,2100.0,6,2008,Cmte,U,C
607,7740.0,23,2008,Cand,3,D
608,2675.0,8,2008,Cmte,3,D
609,2022733.0,3861,2008,Cand,D,D
614,2632663.0,2776,2008,Cmte,R,D
613,1412554.0,2411,2008,Cand,R,D
612,7600.0,21,2008,Cmte,L,D
611,9200.0,19,2008,Cand,L,D
588,0.0,0,2008,Cmte, ,b
589,0.0,0,2008,Cand, ,b
591,0.0,0,2008,Cmte,I,b
675,0.0,0,2008,Cand,3,e
592,0.0,0,2008,Cand,I,b
594,0.0,0,2008,Cand,L,b
595,0.0,0,2008,Cmte,3,b
596,0.0,0,2008,Cand,3,b
597,0.0,0,2008,Cmte,R,b
598,0.0,0,2008,Cmte,U,b
599,0.0,0,2008,Cand,U,b
610,1796145.0,1308,2008,Cmte,D,D
593,0.0,0,2008,Cmte,L,b
676,0.0,0,2008,Cmte,R,e
677,0.0,0,2008,Cand,R,e
678,0.0,0,2008,Cmte,U,e
755,0.0,0,2008,Cmte,3,d
588,816.0,1,2008,Cmte,U,A
587,13580409.0,10930,2008,Cmte,R,A
586,5288760.0,6795,2008,Cand,R,A
585,22050.0,14,2008,Cmte,L,A
584,9619.0,10,2008,Cand,L,A
583,4600.0,2,2008,Cand,I,A
754,0.0,0,2008,Cand,L,d
582,5400377.0,2436,2008,Cmte,D,A
580,4261.0,9,2008,Cmte,3,A
579,51545.0,105,2008,Cand,3,A
756,0.0,0,2008,Cand,3,d
757,0.0,0,2008,Cmte,R,d
758,0.0,0,2008,Cand,R,d
759,0.0,0,2008,Cmte,U,d
760,0.0,0,2008,Cand,U,d
581,3384590.0,5214,2008,Cand,D,A
615,33906.0,43,2008,Cand,3,E
753,0.0,0,2008,Cmte,L,d
751,0.0,0,2008,Cmte,I,d
679,0.0,0,2008,Cand,U,e
599,31847.0,50,2008,Cmte,3,C
598,132482.0,225,2008,Cand,3,C
597,2600.0,2,2008,Cmte,U,B
596,31599026.0,19486,2008,Cmte,R,B
595,13132520.0,15315,2008,Cand,R,B
594,20200.0,53,2008,Cmte,L,B
752,0.0,0,2008,Cand,I,d
593,27719.0,55,2008,Cand,L,B
591,10791770.0,16626,2008,Cand,D,B
590,4755.0,15,2008,Cmte,3,B
589,77257.0,156,2008,Cand,3,B
747,0.0,0,2008,Cmte, ,d
748,0.0,0,2008,Cand, ,d
749,0.0,0,2008,Cmte,D,d
750,0.0,0,2008,Cand,D,d
592,11497988.0,5684,2008,Cmte,D,B
616,4925.0,13,2008,Cmte,3,E
590,0.0,0,2008,Cand,D,b
618,8494402.0,2793,2008,Cmte,D,E
409,0.0,0,2008,Cmte,I,Y
408,0.0,0,2008,Cand, ,Y
407,0.0,0,2008,Cmte, ,Y
307,0.0,0,2008,Cmte,I,M
387,0.0,0,2008,Cand,U,T
386,0.0,0,2008,Cmte,U,T
385,0.0,0,2008,Cmte,I,T
384,0.0,0,2008,Cand, ,T
383,0.0,0,2008,Cmte, ,T
617,5275909.0,7405,2008,Cand,D,E
306,0.0,0,2008,Cand, ,M
636,4960.0,9,2008,Cand,I,G
637,60226.0,104,2008,Cand,L,G
638,81608.0,122,2008,Cmte,L,G
639,26394157.0,31441,2008,Cand,R,G
640,62430127.0,37128,2008,Cmte,R,G
641,2317.0,6,2008,Cmte,U,G
308,0.0,0,2008,Cand,I,M
309,0.0,0,2008,Cmte,U,M
310,0.0,0,2008,Cand,U,M
644,62026097.0,120914,2008,Cand,D,H
643,35787.0,76,2008,Cmte,3,H
642,185833.0,405,2008,Cand,3,H
410,0.0,0,2008,Cand,U,Y
349,0.0,0,2008,Cmte, ,L
351,0.0,0,2008,Cmte,I,L
352,0.0,0,2008,Cand,I,L
353,0.0,0,2008,Cmte,L,L
354,0.0,0,2008,Cand,L,L
355,0.0,0,2008,Cmte,U,L
356,0.0,0,2008,Cand,U,L
350,0.0,0,2008,Cand, ,L
634,47801693.0,71772,2008,Cand,D,G
635,62351816.0,24329,2008,Cmte,D,G
430,0.0,0,2008,Cand, ,X
517,0.0,0,2008,Cmte,L,c
518,0.0,0,2008,Cand,L,c
519,0.0,0,2008,Cmte,3,c
520,0.0,0,2008,Cand,3,c
521,0.0,0,2008,Cmte,U,c
522,0.0,0,2008,Cand,U,c
629,67311022.0,70424,2008,Cand,R,F
628,158929.0,147,2008,Cmte,L,F
627,69281.0,108,2008,Cand,L,F
626,137171548.0,34249,2008,Cmte,D,F
625,81340482.0,94585,2008,Cand,D,F
624,86714.0,52,2008,Cmte,3,F
623,176002.0,304,2008,Cand,3,F
622,27362223.0,10727,2008,Cmte,R,E
621,8001906.0,8432,2008,Cand,R,E
620,7550.0,15,2008,Cmte,L,E
619,5325.0,16,2008,Cand,L,E
516,0.0,0,2008,Cand,I,c
429,0.0,0,2008,Cmte, ,X
515,0.0,0,2008,Cmte,I,c
431,0.0,0,2008,Cmte,I,X
432,0.0,0,2008,Cand,U,X
514,0.0,0,2008,Cand, ,c
633,48894.0,50,2008,Cmte,3,G
452,0.0,0,2008,Cand, ,Z
453,0.0,0,2008,Cmte,I,Z
513,0.0,0,2008,Cmte, ,c
632,190492.0,310,2008,Cand,3,G
631,3660.0,7,2008,Cmte,U,F
630,151071271.0,57550,2008,Cmte,R,F
1298,0.0,0,2012,Cmte,I,t
826,86448843.0,31502,2012,Cmte,D,G
827,17052.0,29,2012,Cand,I,G
794,200.0,1,2012,Cand,I,D
1296,0.0,0,2012,Cmte,D,t
793,1768264.0,1774,2012,Cmte,D,D
792,1196570.0,2716,2012,Cand,D,D
1302,0.0,0,2012,Cmte,3,t
1301,0.0,0,2012,Cand,L,t
1300,0.0,0,2012,Cmte,L,t
1299,0.0,0,2012,Cand,I,t
1297,0.0,0,2012,Cand,D,t
1295,0.0,0,2012,Cand, ,t
783,67371.0,124,2012,Cand,L,C
779,8123.0,24,2012,Cmte,3,C
791,1125.0,5,2012,Cmte,3,D
790,1500.0,3,2012,Cand,3,D
789,55250.0,5,2012,Cmte, ,D
788,1000.0,1,2012,Cmte,U,C
787,5000.0,2,2012,Cand,U,C
786,35977193.0,9071,2012,Cmte,R,C
785,9977174.0,12867,2012,Cand,R,C
784,124244.0,122,2012,Cmte,L,C
782,1625.0,4,2012,Cand,I,C
781,85955076.0,27707,2012,Cmte,D,C
780,21216363.0,34305,2012,Cand,D,C
825,21386797.0,35501,2012,Cand,D,G
1294,0.0,0,2012,Cmte, ,t
824,41304.0,64,2012,Cmte,3,G
816,107611.0,121,2012,Cand,L,F
822,3279371.0,279,2012,Cmte, ,G
815,6225.0,17,2012,Cand,I,F
814,121722537.0,31451,2012,Cmte,D,F
813,22247562.0,29343,2012,Cand,D,F
812,34890.0,36,2012,Cmte,3,F
811,11250.0,17,2012,Cand,3,F
810,17882650.0,426,2012,Cmte, ,F
809,9710.0,8,2012,Cmte,U,E
808,57702650.0,12379,2012,Cmte,R,E
807,14089114.0,13131,2012,Cand,R,E
1303,0.0,0,2012,Cand,3,t
806,6781.0,16,2012,Cmte,L,E
805,32700.0,37,2012,Cand,L,E
804,3300.0,5,2012,Cand,I,E
803,8396685.0,3770,2012,Cmte,D,E
802,2582992.0,4371,2012,Cand,D,E
801,4000.0,8,2012,Cmte,3,E
800,1000.0,3,2012,Cand,3,E
799,1318452.0,48,2012,Cmte, ,E
798,3557211.0,2296,2012,Cmte,R,D
797,1831267.0,3512,2012,Cand,R,D
796,31020.0,21,2012,Cmte,L,D
795,16604.0,26,2012,Cand,L,D
817,128726.0,145,2012,Cmte,L,F
818,72124734.0,61051,2012,Cand,R,F
819,305212249.0,56778,2012,Cmte,R,F
820,200.0,1,2012,Cand,U,F
821,64155.0,22,2012,Cmte,U,F
823,23370.0,54,2012,Cand,3,G
1304,0.0,0,2012,Cmte,U,t
772,0.0,0,2012,Cmte,U,d
778,32307.0,75,2012,Cand,3,C
1381,0.0,0,2012,Cand,L,y
1382,0.0,0,2012,Cmte,3,y
1383,0.0,0,2012,Cand,3,y
1384,0.0,0,2012,Cmte,U,y
1385,0.0,0,2012,Cand,U,y
828,123586.0,184,2012,Cand,L,G
1451,0.0,0,2012,Cmte, ,x
1452,0.0,0,2012,Cand, ,x
1453,0.0,0,2012,Cmte,I,x
1454,0.0,0,2012,Cand,I,x
1455,0.0,0,2012,Cmte,L,x
1456,0.0,0,2012,Cand,L,x
1457,0.0,0,2012,Cmte,3,x
1458,0.0,0,2012,Cand,3,x
1459,0.0,0,2012,Cmte,U,x
1460,0.0,0,2012,Cand,U,x
1527,0.0,0,2012,Cmte, ,z
1528,0.0,0,2012,Cand, ,z
1529,0.0,0,2012,Cmte,D,z
1530,0.0,0,2012,Cand,D,z
1531,0.0,0,2012,Cmte,I,z
1532,0.0,0,2012,Cand,I,z
1533,0.0,0,2012,Cmte,L,z
1534,0.0,0,2012,Cand,L,z
1535,0.0,0,2012,Cmte,3,z
1536,0.0,0,2012,Cand,3,z
1537,0.0,0,2012,Cmte,R,z
1380,0.0,0,2012,Cmte,L,y
1305,0.0,0,2012,Cand,U,t
1379,0.0,0,2012,Cand,I,y
1377,0.0,0,2012,Cand,D,y
777,7237816.0,100,2012,Cmte, ,C
776,7400.0,3,2012,Cmte,U,B
775,3000.0,2,2012,Cand,U,B
774,37652576.0,12455,2012,Cmte,R,B
773,12959986.0,14814,2012,Cand,R,B
772,25207.0,42,2012,Cmte,L,B
771,29458.0,58,2012,Cand,L,B
770,1500.0,1,2012,Cmte,I,B
769,8600.0,15,2012,Cand,I,B
768,13814968.0,6178,2012,Cmte,D,B
767,4318576.0,7755,2012,Cand,D,B
766,3190.0,9,2012,Cmte,3,B
765,4750.0,13,2012,Cand,3,B
764,469450.0,52,2012,Cmte, ,B
763,12000.0,6,2012,Cmte,U,A
762,22435954.0,8932,2012,Cmte,R,A
761,7901274.0,9975,2012,Cand,R,A
760,127335.0,19,2012,Cmte,L,A
759,27910.0,25,2012,Cand,L,A
758,1020.0,3,2012,Cand,I,A
757,5008161.0,2698,2012,Cmte,D,A
756,1593809.0,2890,2012,Cand,D,A
755,2879.0,9,2012,Cmte,3,A
754,3150.0,11,2012,Cand,3,A
753,634900.0,101,2012,Cmte, ,A
1375,0.0,0,2012,Cmte, ,y
1376,0.0,0,2012,Cand, ,y
1378,0.0,0,2012,Cmte,I,y
829,64796.0,115,2012,Cmte,L,G
884,8071732.0,7407,2012,Cand,R,M
831,102709949.0,30585,2012,Cmte,R,G
219,0.0,0,2012,Cand, ,H
196,0.0,0,2012,Cmte,I,F
195,0.0,0,2012,Cand, ,F
171,0.0,0,2012,Cmte,I,G
170,0.0,0,2012,Cand, ,G
145,0.0,0,2012,Cand,U,D
220,0.0,0,2012,Cmte,I,H
144,0.0,0,2012,Cmte,U,D
142,0.0,0,2012,Cand, ,D
111,0.0,0,2012,Cand,U,E
110,0.0,0,2012,Cmte,I,E
109,0.0,0,2012,Cand, ,E
80,0.0,0,2012,Cand, ,B
54,0.0,0,2012,Cmte,I,C
143,0.0,0,2012,Cmte,I,D
221,0.0,0,2012,Cand,U,H
250,0.0,0,2012,Cand, ,K
989,0.0,0,2012,Cand,U,h
312,0.0,0,2012,Cmte,I,M
311,0.0,0,2012,Cand, ,M
283,0.0,0,2012,Cand,U,J
282,0.0,0,2012,Cmte,I,J
281,0.0,0,2012,Cand, ,J
1538,0.0,0,2012,Cmte,U,z
980,0.0,0,2012,Cmte, ,h
981,0.0,0,2012,Cand, ,h
982,0.0,0,2012,Cmte,I,h
983,0.0,0,2012,Cand,I,h
984,0.0,0,2012,Cmte,L,h
985,0.0,0,2012,Cand,L,h
986,0.0,0,2012,Cmte,3,h
987,0.0,0,2012,Cand,3,h
988,0.0,0,2012,Cmte,U,h
53,0.0,0,2012,Cand, ,C
313,0.0,0,2012,Cand,I,M
28,0.0,0,2012,Cand,U,A
1054,0.0,0,2012,Cmte, ,k
972,9000.0,11,2012,Cand,D,x
971,61000.0,9,2012,Cmte,R,t
970,27500.0,11,2012,Cand,R,t
969,1000.0,1,2012,Cmte,R,m
968,1201.0,2,2012,Cand,R,m
967,40820.0,16,2012,Cmte,D,m
973,2750.0,5,2012,Cmte,D,x
966,5000.0,7,2012,Cand,D,m
964,7000.0,4,2012,Cand,R,k
963,25250.0,12,2012,Cmte,D,j
962,10450.0,17,2012,Cand,D,j
961,29250.0,13,2012,Cmte,R,h
960,18632.0,17,2012,Cand,R,h
959,13504.0,20,2012,Cmte,D,h
965,15000.0,4,2012,Cmte,R,k
974,10000.0,4,2012,Cand,R,x
975,245000.0,16,2012,Cmte,R,x
976,3250.0,7,2012,Cmte,D,y
1055,0.0,0,2012,Cand, ,k
1056,0.0,0,2012,Cmte,D,k
1057,0.0,0,2012,Cand,D,k
1058,0.0,0,2012,Cmte,I,k
1059,0.0,0,2012,Cand,I,k
1060,0.0,0,2012,Cmte,L,k
1061,0.0,0,2012,Cand,L,k
1062,0.0,0,2012,Cmte,3,k
1063,0.0,0,2012,Cand,3,k
1064,0.0,0,2012,Cmte,U,k
1065,0.0,0,2012,Cand,U,k
26,0.0,0,2012,Cand, ,A
979,3482.0,2,2012,Cand,R,z
978,17507.0,28,2012,Cmte,R,y
977,13000.0,11,2012,Cand,R,y
27,0.0,0,2012,Cmte,I,A
357,0.0,0,2012,Cand, ,L
358,0.0,0,2012,Cmte,I,L
359,0.0,0,2012,Cand,I,L
843,0.0,0,2012,Cmte,U,g
844,0.0,0,2012,Cand,U,g
690,0.0,0,2012,Cand,U,e
689,0.0,0,2012,Cmte,U,e
688,0.0,0,2012,Cmte,R,e
687,0.0,0,2012,Cand,3,e
842,0.0,0,2012,Cand,3,g
686,0.0,0,2012,Cmte,3,e
684,0.0,0,2012,Cmte,L,e
683,0.0,0,2012,Cand,I,e
682,0.0,0,2012,Cmte,I,e
681,0.0,0,2012,Cand, ,e
680,0.0,0,2012,Cmte, ,e
610,0.0,0,2012,Cand,U,b
685,0.0,0,2012,Cand,L,e
841,0.0,0,2012,Cmte,3,g
840,0.0,0,2012,Cand,L,g
839,0.0,0,2012,Cmte,L,g
771,0.0,0,2012,Cmte,R,d
770,0.0,0,2012,Cand,3,d
769,0.0,0,2012,Cmte,3,d
768,0.0,0,2012,Cand,L,d
767,0.0,0,2012,Cmte,L,d
766,0.0,0,2012,Cand,I,d
765,0.0,0,2012,Cmte,I,d
764,0.0,0,2012,Cand,D,d
763,0.0,0,2012,Cmte,D,d
762,0.0,0,2012,Cand, ,d
761,0.0,0,2012,Cmte, ,d
835,0.0,0,2012,Cmte, ,g
836,0.0,0,2012,Cand, ,g
837,0.0,0,2012,Cmte,I,g
838,0.0,0,2012,Cand,I,g
609,0.0,0,2012,Cmte,U,b
608,0.0,0,2012,Cand,3,b
607,0.0,0,2012,Cmte,3,b
606,0.0,0,2012,Cand,L,b
915,0.0,0,2012,Cmte,3,f
916,0.0,0,2012,Cand,3,f
917,0.0,0,2012,Cmte,U,f
918,0.0,0,2012,Cand,U,f
524,0.0,0,2012,Cmte,I,c
523,0.0,0,2012,Cand, ,c
456,0.0,0,2012,Cmte,L,Z
455,0.0,0,2012,Cmte,I,Z
454,0.0,0,2012,Cand, ,Z
433,0.0,0,2012,Cand, ,X
411,0.0,0,2012,Cand, ,Y
388,0.0,0,2012,Cand, ,T
362,0.0,0,2012,Cand,U,L
361,0.0,0,2012,Cand,L,L
360,0.0,0,2012,Cmte,L,L
914,0.0,0,2012,Cand,L,f
958,21004.0,40,2012,Cand,D,h
913,0.0,0,2012,Cmte,L,f
911,0.0,0,2012,Cmte,I,f
605,0.0,0,2012,Cmte,L,b
604,0.0,0,2012,Cand,I,b
603,0.0,0,2012,Cmte,I,b
602,0.0,0,2012,Cand,D,b
601,0.0,0,2012,Cand, ,b
600,0.0,0,2012,Cmte, ,b
531,0.0,0,2012,Cand,U,c
530,0.0,0,2012,Cmte,U,c
529,0.0,0,2012,Cand,3,c
528,0.0,0,2012,Cmte,3,c
527,0.0,0,2012,Cand,L,c
526,0.0,0,2012,Cmte,L,c
525,0.0,0,2012,Cand,I,c
909,0.0,0,2012,Cmte, ,f
910,0.0,0,2012,Cand, ,f
912,0.0,0,2012,Cand,I,f
830,30888714.0,35011,2012,Cand,R,G
957,20240.0,11,2012,Cmte,R,g
955,7500.0,5,2012,Cmte,D,g
872,620652.0,1437,2012,Cand,D,L
871,500.0,1,2012,Cmte,3,L
870,250.0,1,2012,Cand,3,L
869,17776279.0,104,2012,Cmte, ,L
868,38996.0,18,2012,Cmte,U,K
867,8757.0,8,2012,Cand,U,K
873,942858.0,1161,2012,Cmte,D,L
866,36426771.0,18795,2012,Cmte,R,K
864,19295.0,45,2012,Cmte,L,K
863,27149.0,48,2012,Cand,L,K
862,500.0,1,2012,Cmte,I,K
861,10350.0,9,2012,Cand,I,K
860,99197149.0,44358,2012,Cmte,D,K
859,28658833.0,40502,2012,Cand,D,K
865,19565844.0,20091,2012,Cand,R,K
874,14591.0,49,2012,Cand,R,L
875,14660.0,30,2012,Cmte,R,L
876,210.0,1,2012,Cmte,U,L
891,2104910.0,3768,2012,Cand,D,T
890,2640.0,9,2012,Cmte,3,T
889,3250.0,10,2012,Cand,3,T
888,932902.0,42,2012,Cmte, ,T
887,56000.0,18,2012,Cmte,U,M
886,2200.0,1,2012,Cand,U,M
885,39489171.0,7967,2012,Cmte,R,M
773,0.0,0,2012,Cand,U,d
883,18730.0,24,2012,Cmte,L,M
882,22225.0,25,2012,Cand,L,M
881,11678833.0,3325,2012,Cmte,D,M
880,2227613.0,3577,2012,Cand,D,M
879,4145.0,4,2012,Cmte,3,M
878,756.0,3,2012,Cand,3,M
877,507400.0,38,2012,Cmte, ,M
858,76464.0,69,2012,Cmte,3,K
892,9647408.0,3587,2012,Cmte,D,T
857,7800.0,19,2012,Cand,3,K
855,10000.0,4,2012,Cmte,U,J
845,8265394.0,170,2012,Cmte, ,J
844,4000.0,2,2012,Cmte,U,H
843,59378418.0,30306,2012,Cmte,R,H
842,28563182.0,40715,2012,Cand,R,H
841,81262.0,159,2012,Cmte,L,H
840,88012.0,141,2012,Cand,L,H
846,16822.0,28,2012,Cand,3,J
839,9653.0,26,2012,Cand,I,H
837,40892525.0,85736,2012,Cand,D,H
836,19779.0,53,2012,Cmte,3,H
835,38539.0,124,2012,Cand,3,H
834,3381957.0,123,2012,Cmte, ,H
833,41251.0,10,2012,Cmte,U,G
832,5538.0,8,2012,Cand,U,G
838,68053573.0,56612,2012,Cmte,D,H
847,2985.0,6,2012,Cmte,3,J
848,17995922.0,28724,2012,Cand,D,J
1223,0.0,0,2012,Cand,U,m
854,2128260.0,999,2012,Cmte,R,J
853,14979547.0,20157,2012,Cand,R,J
852,1295.0,5,2012,Cmte,L,J
851,15550.0,24,2012,Cand,L,J
850,10584.0,20,2012,Cand,I,J
849,7280036.0,2558,2012,Cmte,D,J
1214,0.0,0,2012,Cmte, ,m
1215,0.0,0,2012,Cand, ,m
1216,0.0,0,2012,Cmte,I,m
1217,0.0,0,2012,Cand,I,m
1218,0.0,0,2012,Cmte,L,m
1219,0.0,0,2012,Cand,L,m
1220,0.0,0,2012,Cmte,3,m
1221,0.0,0,2012,Cand,3,m
1222,0.0,0,2012,Cmte,U,m
856,5522511.0,197,2012,Cmte, ,K
893,3030.0,8,2012,Cand,I,T
894,500.0,1,2012,Cmte,I,T
895,12322.0,22,2012,Cand,L,T
935,638889.0,803,2012,Cmte,R,Z
934,9160808.0,3759,2012,Cand,R,Z
933,8800.0,2,2012,Cand,L,Z
932,133525.0,24,2012,Cand,I,Z
931,25135552.0,39239,2012,Cmte,D,Z
930,10470704.0,1779,2012,Cand,D,Z
936,1600.0,2,2012,Cand,U,Z
929,12925.0,42,2012,Cmte,3,Z
927,15516777.0,254,2012,Cmte, ,Z
926,78885.0,87,2012,Cmte,U,Y
925,12780.0,22,2012,Cand,U,Y
924,106683697.0,90347,2012,Cmte,R,Y
923,98841926.0,137971,2012,Cand,R,Y
922,199250.0,443,2012,Cmte,L,Y
928,304493.0,737,2012,Cand,3,Z
937,62055.0,41,2012,Cmte,U,Z
938,30400.0,1,2012,Cmte,D,b
939,25500.0,13,2012,Cand,R,b
954,2000.0,4,2012,Cand,D,g
953,260650.0,35,2012,Cmte,R,f
952,129551.0,92,2012,Cand,R,f
951,372576.0,63,2012,Cmte,D,f
950,26750.0,21,2012,Cand,D,f
949,450.0,2,2012,Cand,R,e
948,1750.0,2,2012,Cmte,D,e
947,750.0,2,2012,Cand,D,e
946,1000.0,2,2012,Cand,R,d
945,42650.0,10,2012,Cmte,R,c
944,26803.0,21,2012,Cand,R,c
943,662548.0,147,2012,Cmte,D,c
942,76140.0,89,2012,Cand,D,c
941,1000.0,1,2012,Cmte, ,c
940,212500.0,16,2012,Cmte,R,b
921,247746.0,451,2012,Cand,L,Y
920,3890.0,3,2012,Cmte,I,Y
919,29406.0,70,2012,Cand,I,Y
918,86996460.0,92749,2012,Cmte,D,Y
910,79703778.0,120793,2012,Cand,R,X
909,188201.0,369,2012,Cmte,L,X
908,405006.0,643,2012,Cand,L,X
907,11600.0,5,2012,Cmte,I,X
906,152579.0,251,2012,Cand,I,X
905,150937613.0,146547,2012,Cmte,D,X
904,71846270.0,154799,2012,Cand,D,X
903,117810.0,197,2012,Cmte,3,X
902,100745.0,271,2012,Cand,3,X
901,6581460.0,594,2012,Cmte, ,X
900,7000.0,6,2012,Cmte,U,T
899,708.0,2,2012,Cand,U,T
898,39026561.0,8362,2012,Cmte,R,T
897,9414474.0,9368,2012,Cand,R,T
896,17460.0,39,2012,Cmte,L,T
911,156373585.0,113721,2012,Cmte,R,X
956,9640.0,21,2012,Cand,R,g
912,5839.0,9,2012,Cand,U,X
914,1223985.0,475,2012,Cmte, ,Y
917,73681319.0,151846,2012,Cand,D,Y
916,80735.0,152,2012,Cmte,3,Y
1135,0.0,0,2012,Cmte, ,j
1136,0.0,0,2012,Cand, ,j
1137,0.0,0,2012,Cmte,I,j
1138,0.0,0,2012,Cand,I,j
1139,0.0,0,2012,Cmte,L,j
1140,0.0,0,2012,Cand,L,j
1141,0.0,0,2012,Cmte,3,j
1142,0.0,0,2012,Cand,3,j
1143,0.0,0,2012,Cmte,R,j
1144,0.0,0,2012,Cand,R,j
1145,0.0,0,2012,Cmte,U,j
1146,0.0,0,2012,Cand,U,j
915,72437.0,197,2012,Cand,3,Y
913,27280.0,24,2012,Cmte,U,X
1539,0.0,0,2012,Cand,U,z
